"sha256","overlap_rows","file_names","source_paths"
"01D382E78E0CD0D254C8582650EAC1CAA62D3BAA3CB46A8812ECA035CC3FA582","2","01D382E78E__mx.m3u;mx.m3u","C:\Users\andrew\PROJECTS\iptv\inputs\m3u_sources\01D382E78E__mx.m3u;C:\Users\andrew\PROJECTS\iptv\inputs\m3u_sources\review_from_iptv__C42511BE\mx.m3u"
"02CFDD9B0B5FE22A8A1221BB4C20D79215FA1DD25E06F7A09AFB957097DDD645","2","02CFDD9B0B__ng.m3u;ng.m3u","C:\Users\andrew\PROJECTS\iptv\inputs\m3u_sources\02CFDD9B0B__ng.m3u;C:\Users\andrew\PROJECTS\iptv\inputs\m3u_sources\review_from_iptv__C42511BE\ng.m3u"
"04090DD121E1AFAB1BE322AC500E0BCFE0AC5862A5B118499F3D62E614D40D54","2","04090DD121__th.m3u;th.m3u","C:\Users\andrew\PROJECTS\iptv\inputs\m3u_sources\04090DD121__th.m3u;C:\Users\andrew\PROJECTS\iptv\inputs\m3u_sources\review_from_iptv__C42511BE\th.m3u"
"049665073F342A9F8A966E0DDE7C6B1C562B2A5C0BF461A65DD7E80CA00E130F","2","049665073F__ru_zabava.m3u;ru_zabava.m3u","C:\Users\andrew\PROJECTS\iptv\inputs\m3u_sources\049665073F__ru_zabava.m3u;C:\Users\andrew\PROJECTS\iptv\inputs\m3u_sources\review_from_iptv__C42511BE\ru_zabava.m3u"
"051E8DE037C686315D1F7CA374AF17B548DA7F32733D667AF819220F0CFE0CFC","2","051E8DE037__am_ucom.m3u;am_ucom.m3u","C:\Users\andrew\PROJECTS\iptv\inputs\m3u_sources\051E8DE037__am_ucom.m3u;C:\Users\andrew\PROJECTS\iptv\inputs\m3u_sources\review_from_iptv__C42511BE\am_ucom.m3u"
"07FA5D6A8B6A3F90B920CED9F0FF733AE24F5226612D900741CE589526DE7669","2","07FA5D6A8B__pt.m3u;pt.m3u","C:\Users\andrew\PROJECTS\iptv\inputs\m3u_sources\07FA5D6A8B__pt.m3u;C:\Users\andrew\PROJECTS\iptv\inputs\m3u_sources\review_from_iptv__C42511BE\pt.m3u"
"0939C6EFA21CFC1792E2CE7DB861FBD3554E952D27121C1AFA3F3C68B09C0ED3","2","0939C6EFA2__za.m3u;za.m3u","C:\Users\andrew\PROJECTS\iptv\inputs\m3u_sources\0939C6EFA2__za.m3u;C:\Users\andrew\PROJECTS\iptv\inputs\m3u_sources\review_from_iptv__C42511BE\za.m3u"
"0AEEF02F5BA8ACD3DD355000C104422B54EBD3CDCA90358813E09AE619A99088","2","0AEEF02F5B__us_stirr.m3u;us_stirr.m3u","C:\Users\andrew\PROJECTS\iptv\inputs\m3u_sources\0AEEF02F5B__us_stirr.m3u;C:\Users\andrew\PROJECTS\iptv\inputs\m3u_sources\review_from_iptv__C42511BE\us_stirr.m3u"
"0B19F7E2D9FF1352C52893A5C0A07CC316AFAA7C1E6D095A5B71D3CA6CD0C479","2","0B19F7E2D9__it.m3u;it.m3u","C:\Users\andrew\PROJECTS\iptv\inputs\m3u_sources\0B19F7E2D9__it.m3u;C:\Users\andrew\PROJECTS\iptv\inputs\m3u_sources\review_from_iptv__C42511BE\it.m3u"
"0BA775473E0E8C5DF55C9EC74453F124F4FE866D4BAF7E1B2A62F05BEC452CEF","2","0BA775473E__br_pluto.m3u;br_pluto.m3u","C:\Users\andrew\PROJECTS\iptv\inputs\m3u_sources\0BA775473E__br_pluto.m3u;C:\Users\andrew\PROJECTS\iptv\inputs\m3u_sources\review_from_iptv__C42511BE\br_pluto.m3u"
"0D17DCF3F75693838BC676F9567B21224439795DFC6B1A238EDD6F4CFFB4B82D","2","0D17DCF3F7__us.m3u;us.m3u","C:\Users\andrew\PROJECTS\iptv\inputs\m3u_sources\0D17DCF3F7__us.m3u;C:\Users\andrew\PROJECTS\iptv\inputs\m3u_sources\review_from_iptv__C42511BE\us.m3u"
"1044775114C93351E2E7D2276FD5D1966CC9F06D1E567DE443E9E5CC494EC2CC","2","1044775114__ua.m3u;ua.m3u","C:\Users\andrew\PROJECTS\iptv\inputs\m3u_sources\1044775114__ua.m3u;C:\Users\andrew\PROJECTS\iptv\inputs\m3u_sources\review_from_iptv__C42511BE\ua.m3u"
"1271C02C4A25AEF40D4E361AA0C139171AEBCEBADD7C194C4ECEC5407FE906E2","2","1271C02C4A__se_samsung.m3u;se_samsung.m3u","C:\Users\andrew\PROJECTS\iptv\inputs\m3u_sources\1271C02C4A__se_samsung.m3u;C:\Users\andrew\PROJECTS\iptv\inputs\m3u_sources\review_from_iptv__C42511BE\se_samsung.m3u"
"138ED489E42C841AF73E1DF507438E1BE5EAA665DC9A2A158083F31F09C00AB7","2","138ED489E4__cd.m3u;cd.m3u","C:\Users\andrew\PROJECTS\iptv\inputs\m3u_sources\138ED489E4__cd.m3u;C:\Users\andrew\PROJECTS\iptv\inputs\m3u_sources\review_from_iptv__C42511BE\cd.m3u"
"160C14B64D7D75451E9571BDE599007D4365C9D0C09570DA43A66A66AF2BE634","2","160C14B64D__hr.m3u;hr.m3u","C:\Users\andrew\PROJECTS\iptv\inputs\m3u_sources\160C14B64D__hr.m3u;C:\Users\andrew\PROJECTS\iptv\inputs\m3u_sources\review_from_iptv__C42511BE\hr.m3u"
"187D0C51ECE9A30962DC7F2988486B722600CA70D8BE9B774237D7551F0FD1A3","2","187D0C51EC__gt.m3u;gt.m3u","C:\Users\andrew\PROJECTS\iptv\inputs\m3u_sources\187D0C51EC__gt.m3u;C:\Users\andrew\PROJECTS\iptv\inputs\m3u_sources\review_from_iptv__C42511BE\gt.m3u"
"21120CD4CAC2A4189A2232C55E829744BB589ECA166280B671ED4B3A675DC7A9","2","21120CD4CA__sn.m3u;sn.m3u","C:\Users\andrew\PROJECTS\iptv\inputs\m3u_sources\21120CD4CA__sn.m3u;C:\Users\andrew\PROJECTS\iptv\inputs\m3u_sources\review_from_iptv__C42511BE\sn.m3u"
"212E92A05A2D38962303BC9788DC7A126AFCE48179C2FA396FFF412F098FCC9C","2","212E92A05A__de_adultswim.m3u;de_adultswim.m3u","C:\Users\andrew\PROJECTS\iptv\inputs\m3u_sources\212E92A05A__de_adultswim.m3u;C:\Users\andrew\PROJECTS\iptv\inputs\m3u_sources\review_from_iptv__C42511BE\de_adultswim.m3u"
"24C1D97A603AF9CD40FB40313B1115C27013C81E052A8074C57BCAC58F5A1796","2","24C1D97A60__us_pbs.m3u;us_pbs.m3u","C:\Users\andrew\PROJECTS\iptv\inputs\m3u_sources\24C1D97A60__us_pbs.m3u;C:\Users\andrew\PROJECTS\iptv\inputs\m3u_sources\review_from_iptv__C42511BE\us_pbs.m3u"
"266F56FF9438112BAC267CF73752D960DF39A5F22DFE499893876D4CA485A986","2","266F56FF94__az_odtv.m3u;az_odtv.m3u","C:\Users\andrew\PROJECTS\iptv\inputs\m3u_sources\266F56FF94__az_odtv.m3u;C:\Users\andrew\PROJECTS\iptv\inputs\m3u_sources\review_from_iptv__C42511BE\az_odtv.m3u"
"27878C1164B48F0D47F9B378E04C0611E1AB0D59AA691F40D4E7E4D94795E8D2","2","27878C1164__dk.m3u;dk.m3u","C:\Users\andrew\PROJECTS\iptv\inputs\m3u_sources\27878C1164__dk.m3u;C:\Users\andrew\PROJECTS\iptv\inputs\m3u_sources\review_from_iptv__C42511BE\dk.m3u"
"2B0BF86FE20E95D2004766A2EF4E57CE94ECE12C7F6B2A8BAE88849BC40C0EEA","2","2B0BF86FE2__my.m3u;my.m3u","C:\Users\andrew\PROJECTS\iptv\inputs\m3u_sources\2B0BF86FE2__my.m3u;C:\Users\andrew\PROJECTS\iptv\inputs\m3u_sources\review_from_iptv__C42511BE\my.m3u"
"2E7743AA88AA01B4E49016C250487DC374AED0146400EB15891981BC470751D1","2","2E7743AA88__playlist_local_us.m3u;2E7743AA88__us.m3u","C:\Users\andrew\PROJECTS\iptv\inputs\m3u_sources\2E7743AA88__playlist_local_us.m3u;C:\Users\andrew\PROJECTS\iptv\inputs\m3u_sources\2E7743AA88__us.m3u"
"31B5AC08C1EE78F68EFB1A4ABC1FC193F142874DD311519BCF7F84273B88FB23","2","31B5AC08C1__ug.m3u;ug.m3u","C:\Users\andrew\PROJECTS\iptv\inputs\m3u_sources\31B5AC08C1__ug.m3u;C:\Users\andrew\PROJECTS\iptv\inputs\m3u_sources\review_from_iptv__C42511BE\ug.m3u"
"3405DBE2750100F455D731E5C090688F5F4DAEFAD735B460E371F47780375BC5","2","3405DBE275__es_pluto.m3u;es_pluto.m3u","C:\Users\andrew\PROJECTS\iptv\inputs\m3u_sources\3405DBE275__es_pluto.m3u;C:\Users\andrew\PROJECTS\iptv\inputs\m3u_sources\review_from_iptv__C42511BE\es_pluto.m3u"
"35866501BF51E9FB0CE704CA097BDB5372EAE41E8DFD1A3A6CBB6E29FED8B519","2","35866501BF__ps.m3u;ps.m3u","C:\Users\andrew\PROJECTS\iptv\inputs\m3u_sources\35866501BF__ps.m3u;C:\Users\andrew\PROJECTS\iptv\inputs\m3u_sources\review_from_iptv__C42511BE\ps.m3u"
"36E17F172ADCE457395D8FBEA45321AC1FFD6C446723CA43AD40624EA9BCAD0D","2","36E17F172A__ci.m3u;ci.m3u","C:\Users\andrew\PROJECTS\iptv\inputs\m3u_sources\36E17F172A__ci.m3u;C:\Users\andrew\PROJECTS\iptv\inputs\m3u_sources\review_from_iptv__C42511BE\ci.m3u"
"39076BBA16C7226D62E0D8D886104B76162228CE7FA266947E3FC5E7599455A6","2","39076BBA16__ir.m3u;ir.m3u","C:\Users\andrew\PROJECTS\iptv\inputs\m3u_sources\39076BBA16__ir.m3u;C:\Users\andrew\PROJECTS\iptv\inputs\m3u_sources\review_from_iptv__C42511BE\ir.m3u"
"390C6BDDBD2C811AA011F7E00C9B8781076810F8D2EB4D4013F2DB0230C04243","2","390C6BDDBD__us_cbsn.m3u;us_cbsn.m3u","C:\Users\andrew\PROJECTS\iptv\inputs\m3u_sources\390C6BDDBD__us_cbsn.m3u;C:\Users\andrew\PROJECTS\iptv\inputs\m3u_sources\review_from_iptv__C42511BE\us_cbsn.m3u"
"3DD56BB48E416E405B78C4B1CDD5BA10BB1FD9864C3D354C920BDC9F4460566C","2","3DD56BB48E__sa.m3u;sa.m3u","C:\Users\andrew\PROJECTS\iptv\inputs\m3u_sources\3DD56BB48E__sa.m3u;C:\Users\andrew\PROJECTS\iptv\inputs\m3u_sources\review_from_iptv__C42511BE\sa.m3u"
"3E1DFF8FBC2DD764D5271AC94ADC516965743AC27A74BE6C5FF90B569579F094","2","3E1DFF8FBC__iq.m3u;iq.m3u","C:\Users\andrew\PROJECTS\iptv\inputs\m3u_sources\3E1DFF8FBC__iq.m3u;C:\Users\andrew\PROJECTS\iptv\inputs\m3u_sources\review_from_iptv__C42511BE\iq.m3u"
"41B228B32C8BC5F2D9EA84649202B3506D3295598B153B670C6C05C670AEBC36","2","41B228B32C__ru.m3u;ru.m3u","C:\Users\andrew\PROJECTS\iptv\inputs\m3u_sources\41B228B32C__ru.m3u;C:\Users\andrew\PROJECTS\iptv\inputs\m3u_sources\review_from_iptv__C42511BE\ru.m3u"
"4723A8E7027B73C4F75F462CC86CE3B23C682A086C7E947D36B79ACCBC02A6DC","2","4723A8E702__ch_pluto.m3u;ch_pluto.m3u","C:\Users\andrew\PROJECTS\iptv\inputs\m3u_sources\4723A8E702__ch_pluto.m3u;C:\Users\andrew\PROJECTS\iptv\inputs\m3u_sources\review_from_iptv__C42511BE\ch_pluto.m3u"
"476A33DC2E8F7FBA95CBC954AD827DB7831AF493456135C7926CC12C951C6440","2","476A33DC2E__fr_rakuten.m3u;fr_rakuten.m3u","C:\Users\andrew\PROJECTS\iptv\inputs\m3u_sources\476A33DC2E__fr_rakuten.m3u;C:\Users\andrew\PROJECTS\iptv\inputs\m3u_sources\review_from_iptv__C42511BE\fr_rakuten.m3u"
"4A2BDBEE05888E7FE42C48F14116A549B6AEAC905B960081ADC67504213BD9D7","2","4A2BDBEE05__af.m3u;af.m3u","C:\Users\andrew\PROJECTS\iptv\inputs\m3u_sources\4A2BDBEE05__af.m3u;C:\Users\andrew\PROJECTS\iptv\inputs\m3u_sources\review_from_iptv__C42511BE\af.m3u"
"4A92A20EFFF3744D976F505FF95428B53758C0253475AF03EA1820EA0D9BDE37","2","4A92A20EFF__uk.m3u;uk.m3u","C:\Users\andrew\PROJECTS\iptv\inputs\m3u_sources\4A92A20EFF__uk.m3u;C:\Users\andrew\PROJECTS\iptv\inputs\m3u_sources\review_from_iptv__C42511BE\uk.m3u"
"4F607F4DAC8944F3BD7823BEEED5C2F124E13A291F8BBE4C6E0A156ADAF72AC0","2","4F607F4DAC__rs.m3u;rs.m3u","C:\Users\andrew\PROJECTS\iptv\inputs\m3u_sources\4F607F4DAC__rs.m3u;C:\Users\andrew\PROJECTS\iptv\inputs\m3u_sources\review_from_iptv__C42511BE\rs.m3u"
"518C4570B1E17FE191D8B97F4EE750CD267BAF516B59A5FD2C4765257E79EFDC","2","518C4570B1__ro.m3u;ro.m3u","C:\Users\andrew\PROJECTS\iptv\inputs\m3u_sources\518C4570B1__ro.m3u;C:\Users\andrew\PROJECTS\iptv\inputs\m3u_sources\review_from_iptv__C42511BE\ro.m3u"
"521C904AEB8647C81230C904ECE87B8B4E4A3F9044EC3FEAFB8A221CFA350125","2","521C904AEB__de_pluto.m3u;de_pluto.m3u","C:\Users\andrew\PROJECTS\iptv\inputs\m3u_sources\521C904AEB__de_pluto.m3u;C:\Users\andrew\PROJECTS\iptv\inputs\m3u_sources\review_from_iptv__C42511BE\de_pluto.m3u"
"52B25076333E48B0E82DC2815F2096251C1EAA680A0D68021D9CA5877A251A87","2","52B2507633__az.m3u;az.m3u","C:\Users\andrew\PROJECTS\iptv\inputs\m3u_sources\52B2507633__az.m3u;C:\Users\andrew\PROJECTS\iptv\inputs\m3u_sources\review_from_iptv__C42511BE\az.m3u"
"5332F50F58644ABF157FADBB200B6A8B4162511310F7C56AF3A5F7B3EF1159D4","2","5332F50F58__sk.m3u;sk.m3u","C:\Users\andrew\PROJECTS\iptv\inputs\m3u_sources\5332F50F58__sk.m3u;C:\Users\andrew\PROJECTS\iptv\inputs\m3u_sources\review_from_iptv__C42511BE\sk.m3u"
"54B7E3AC2AA5FE202B3177ED04197987A647EFDADDF9A6986DDB638C853DECE5","2","54B7E3AC2A__lv.m3u;lv.m3u","C:\Users\andrew\PROJECTS\iptv\inputs\m3u_sources\54B7E3AC2A__lv.m3u;C:\Users\andrew\PROJECTS\iptv\inputs\m3u_sources\review_from_iptv__C42511BE\lv.m3u"
"5638FC2C9ABA1F4E2C3DB3125218E6D975219FC267365EBA0EC5DC12D6A04330","2","5638FC2C9A__kr.m3u;kr.m3u","C:\Users\andrew\PROJECTS\iptv\inputs\m3u_sources\5638FC2C9A__kr.m3u;C:\Users\andrew\PROJECTS\iptv\inputs\m3u_sources\review_from_iptv__C42511BE\kr.m3u"
"56B7C049EDF50FF4169AF1AA04D9A4CEA1B74107EC9478272A50743BFA206CA0","2","56B7C049ED__br.m3u;br.m3u","C:\Users\andrew\PROJECTS\iptv\inputs\m3u_sources\56B7C049ED__br.m3u;C:\Users\andrew\PROJECTS\iptv\inputs\m3u_sources\review_from_iptv__C42511BE\br.m3u"
"5847CA85FC0DD44355A72F61F4569F410DCA5DE9BA38D0AB0F3D4DF4B9151030","2","5847CA85FC__cr.m3u;cr.m3u","C:\Users\andrew\PROJECTS\iptv\inputs\m3u_sources\5847CA85FC__cr.m3u;C:\Users\andrew\PROJECTS\iptv\inputs\m3u_sources\review_from_iptv__C42511BE\cr.m3u"
"5BCE85D7211B5DAB179B4D72C3BFC739832F40792EF6BCA9C1B3EBFDDA7C17FD","2","5BCE85D721__us_canelatv.m3u;us_canelatv.m3u","C:\Users\andrew\PROJECTS\iptv\inputs\m3u_sources\5BCE85D721__us_canelatv.m3u;C:\Users\andrew\PROJECTS\iptv\inputs\m3u_sources\review_from_iptv__C42511BE\us_canelatv.m3u"
"5DBC229F87BBC27EA5A05FBED6C930E2E4A7B9DA15C201C9A19370D1C1346597","2","5DBC229F87__so_premiumfree.m3u;so_premiumfree.m3u","C:\Users\andrew\PROJECTS\iptv\inputs\m3u_sources\5DBC229F87__so_premiumfree.m3u;C:\Users\andrew\PROJECTS\iptv\inputs\m3u_sources\review_from_iptv__C42511BE\so_premiumfree.m3u"
"5DF42D978A0AE864832E4BC4088E8D03F025FEF5902512E4E117791429F23D9C","2","5DF42D978A__nl.m3u;nl.m3u","C:\Users\andrew\PROJECTS\iptv\inputs\m3u_sources\5DF42D978A__nl.m3u;C:\Users\andrew\PROJECTS\iptv\inputs\m3u_sources\review_from_iptv__C42511BE\nl.m3u"
"5E33F9A996F791482E41451DEF87FE96315BDB33FA9399914B46F34FE4640D5B","2","5E33F9A996__us_cineversetv.m3u;us_cineversetv.m3u","C:\Users\andrew\PROJECTS\iptv\inputs\m3u_sources\5E33F9A996__us_cineversetv.m3u;C:\Users\andrew\PROJECTS\iptv\inputs\m3u_sources\review_from_iptv__C42511BE\us_cineversetv.m3u"
"6190229E34C3EB49FF29AFB8E32AFB17B67230C2D31EEEE67647D05944B8DEC7","2","6190229E34__ru_televizor-24.m3u;ru_televizor-24.m3u","C:\Users\andrew\PROJECTS\iptv\inputs\m3u_sources\6190229E34__ru_televizor-24.m3u;C:\Users\andrew\PROJECTS\iptv\inputs\m3u_sources\review_from_iptv__C42511BE\ru_televizor-24.m3u"
"648F175E1CB1F276970B2A2B203CCF94315F83F29C71A2B3353FA7CBE4E8DED0","2","648F175E1C__gh.m3u;gh.m3u","C:\Users\andrew\PROJECTS\iptv\inputs\m3u_sources\648F175E1C__gh.m3u;C:\Users\andrew\PROJECTS\iptv\inputs\m3u_sources\review_from_iptv__C42511BE\gh.m3u"
"673B1259F36712B983F9D96B52BD2DCE4A5B22CF0713047535FC14A03B5BD11A","2","673B1259F3__kz.m3u;kz.m3u","C:\Users\andrew\PROJECTS\iptv\inputs\m3u_sources\673B1259F3__kz.m3u;C:\Users\andrew\PROJECTS\iptv\inputs\m3u_sources\review_from_iptv__C42511BE\kz.m3u"
"68F2170DDD1F32AD0FA1ED1017124A357A848C75CFDA4E7E1C4BEDE6A7606D94","2","68F2170DDD__it_samsung.m3u;it_samsung.m3u","C:\Users\andrew\PROJECTS\iptv\inputs\m3u_sources\68F2170DDD__it_samsung.m3u;C:\Users\andrew\PROJECTS\iptv\inputs\m3u_sources\review_from_iptv__C42511BE\it_samsung.m3u"
"6936258AFB6CCFF0CEB8F60746972C231A47110CF14EB7BF234DF8F6A0B58006","2","6936258AFB__ae.m3u;ae.m3u","C:\Users\andrew\PROJECTS\iptv\inputs\m3u_sources\6936258AFB__ae.m3u;C:\Users\andrew\PROJECTS\iptv\inputs\m3u_sources\review_from_iptv__C42511BE\ae.m3u"
"6AD270EFD45E442BDF2705A8FA405F72E0AE4F9C2CC19FF52EEF7593E17BA925","2","6AD270EFD4__kh.m3u;kh.m3u","C:\Users\andrew\PROJECTS\iptv\inputs\m3u_sources\6AD270EFD4__kh.m3u;C:\Users\andrew\PROJECTS\iptv\inputs\m3u_sources\review_from_iptv__C42511BE\kh.m3u"
"6C22B700E03D6DC0FE1CD21492563E0AD21E10C5534ACB0DDA483A5439932CF5","2","6C22B700E0__nz_samsung.m3u;nz_samsung.m3u","C:\Users\andrew\PROJECTS\iptv\inputs\m3u_sources\6C22B700E0__nz_samsung.m3u;C:\Users\andrew\PROJECTS\iptv\inputs\m3u_sources\review_from_iptv__C42511BE\nz_samsung.m3u"
"6F9576F6A463D0B8773523E4418364F2AEC70CA76009C7711E6BE5BE1FA2FAC7","2","6F9576F6A4__us_firetv.m3u;us_firetv.m3u","C:\Users\andrew\PROJECTS\iptv\inputs\m3u_sources\6F9576F6A4__us_firetv.m3u;C:\Users\andrew\PROJECTS\iptv\inputs\m3u_sources\review_from_iptv__C42511BE\us_firetv.m3u"
"7021C2E92ED51231595B1C27C3AB7DD50C324325E0A3BF32E276229871231CA6","2","7021C2E92E__uk_samsung.m3u;uk_samsung.m3u","C:\Users\andrew\PROJECTS\iptv\inputs\m3u_sources\7021C2E92E__uk_samsung.m3u;C:\Users\andrew\PROJECTS\iptv\inputs\m3u_sources\review_from_iptv__C42511BE\uk_samsung.m3u"
"729B49A4C92ACE679AF149CDFBFDB22E776411503C5E332C494349B430646564","2","729B49A4C9__us_roku.m3u;us_roku.m3u","C:\Users\andrew\PROJECTS\iptv\inputs\m3u_sources\729B49A4C9__us_roku.m3u;C:\Users\andrew\PROJECTS\iptv\inputs\m3u_sources\review_from_iptv__C42511BE\us_roku.m3u"
"7332F044D41080AA2ECF7900BF6840042008E6F117678EB7F247EC041909AFE2","2","7332F044D4__es.m3u;es.m3u","C:\Users\andrew\PROJECTS\iptv\inputs\m3u_sources\7332F044D4__es.m3u;C:\Users\andrew\PROJECTS\iptv\inputs\m3u_sources\review_from_iptv__C42511BE\es.m3u"
"750E5806E0A9831FA7D7309B08A4A997264037EDA835668DFE09A383F6E2D0A6","2","750E5806E0__ec.m3u;ec.m3u","C:\Users\andrew\PROJECTS\iptv\inputs\m3u_sources\750E5806E0__ec.m3u;C:\Users\andrew\PROJECTS\iptv\inputs\m3u_sources\review_from_iptv__C42511BE\ec.m3u"
"753252784FCEB0C5BAFC6A4C32124504E8AF593216169E319B731109646CDAFF","2","753252784F__do.m3u;do.m3u","C:\Users\andrew\PROJECTS\iptv\inputs\m3u_sources\753252784F__do.m3u;C:\Users\andrew\PROJECTS\iptv\inputs\m3u_sources\review_from_iptv__C42511BE\do.m3u"
"756CAD6C29C037C3751791A0FECDE7ECB3432A3177B4507F903C26517B465312","2","756CAD6C29__mx_pluto.m3u;mx_pluto.m3u","C:\Users\andrew\PROJECTS\iptv\inputs\m3u_sources\756CAD6C29__mx_pluto.m3u;C:\Users\andrew\PROJECTS\iptv\inputs\m3u_sources\review_from_iptv__C42511BE\mx_pluto.m3u"
"75B90801A8C026CE3037CE802C5EE1147EEE08E652A3F864CA2482F52846A093","2","75B90801A8__jo.m3u;jo.m3u","C:\Users\andrew\PROJECTS\iptv\inputs\m3u_sources\75B90801A8__jo.m3u;C:\Users\andrew\PROJECTS\iptv\inputs\m3u_sources\review_from_iptv__C42511BE\jo.m3u"
"7610B1E8B83B965FAF4208B5D29BB747D293B698396A9311D784780536430593","2","7610B1E8B8__us_vizio.m3u;us_vizio.m3u","C:\Users\andrew\PROJECTS\iptv\inputs\m3u_sources\7610B1E8B8__us_vizio.m3u;C:\Users\andrew\PROJECTS\iptv\inputs\m3u_sources\review_from_iptv__C42511BE\us_vizio.m3u"
"790062B81169F70A7287DDEA32E8FBB6FEE3292FC61D755FB9097314DCD3FC15","2","790062B811__us_xumo.m3u;us_xumo.m3u","C:\Users\andrew\PROJECTS\iptv\inputs\m3u_sources\790062B811__us_xumo.m3u;C:\Users\andrew\PROJECTS\iptv\inputs\m3u_sources\review_from_iptv__C42511BE\us_xumo.m3u"
"797FF1B7B153A2C8F5547267277BA2516A36E4175CD231C198D2CB62A7EDB2D6","2","797FF1B7B1__at.m3u;at.m3u","C:\Users\andrew\PROJECTS\iptv\inputs\m3u_sources\797FF1B7B1__at.m3u;C:\Users\andrew\PROJECTS\iptv\inputs\m3u_sources\review_from_iptv__C42511BE\at.m3u"
"7C5157B173BBBC42E1E82004652D453FDBAE5F1D1776A8E67D6474DBC8DF9FBB","2","7C5157B173__bg.m3u;bg.m3u","C:\Users\andrew\PROJECTS\iptv\inputs\m3u_sources\7C5157B173__bg.m3u;C:\Users\andrew\PROJECTS\iptv\inputs\m3u_sources\review_from_iptv__C42511BE\bg.m3u"
"7FBB4548A98D8D58DAFB81DDF9753AAA1D19FFFB471453322FD15B0A8BBCD7C1","2","7FBB4548A9__cn.m3u;cn.m3u","C:\Users\andrew\PROJECTS\iptv\inputs\m3u_sources\7FBB4548A9__cn.m3u;C:\Users\andrew\PROJECTS\iptv\inputs\m3u_sources\review_from_iptv__C42511BE\cn.m3u"
"80CE00943963EEABF50C9A324DE6AFD4EA088AA26AE8ADE594AE480F5DB3F4C5","2","80CE009439__ve.m3u;ve.m3u","C:\Users\andrew\PROJECTS\iptv\inputs\m3u_sources\80CE009439__ve.m3u;C:\Users\andrew\PROJECTS\iptv\inputs\m3u_sources\review_from_iptv__C42511BE\ve.m3u"
"825461BD243ABB0DA9E5F79A8560C9FAFC1D5CD994C659624AA2D84F71B29634","2","825461BD24__py.m3u;py.m3u","C:\Users\andrew\PROJECTS\iptv\inputs\m3u_sources\825461BD24__py.m3u;C:\Users\andrew\PROJECTS\iptv\inputs\m3u_sources\review_from_iptv__C42511BE\py.m3u"
"827AA68905458CA44507A33D5BCC499EC9932668AFB6D288D0B42BA966604CD0","2","827AA68905__tw.m3u;tw.m3u","C:\Users\andrew\PROJECTS\iptv\inputs\m3u_sources\827AA68905__tw.m3u;C:\Users\andrew\PROJECTS\iptv\inputs\m3u_sources\review_from_iptv__C42511BE\tw.m3u"
"83B7C94C7561C90EBB42FE2B6C788E18D8A5FDBA721FBA2C9B24D0DC788DB291","2","83B7C94C75__mt_smash_plus.m3u;mt_smash_plus.m3u","C:\Users\andrew\PROJECTS\iptv\inputs\m3u_sources\83B7C94C75__mt_smash_plus.m3u;C:\Users\andrew\PROJECTS\iptv\inputs\m3u_sources\review_from_iptv__C42511BE\mt_smash_plus.m3u"
"852D44EBABF1277A5E1F2E7754305B155C9BED8AD37F624087F64511D7F81A31","2","852D44EBAB__us_ythls.m3u;us_ythls.m3u","C:\Users\andrew\PROJECTS\iptv\inputs\m3u_sources\852D44EBAB__us_ythls.m3u;C:\Users\andrew\PROJECTS\iptv\inputs\m3u_sources\review_from_iptv__C42511BE\us_ythls.m3u"
"85C38E9E3290F1D8EAA895B05EF908B4E6EAF8B3FC02EC5B1A8F6CA88A75A714","2","85C38E9E32__pk.m3u;pk.m3u","C:\Users\andrew\PROJECTS\iptv\inputs\m3u_sources\85C38E9E32__pk.m3u;C:\Users\andrew\PROJECTS\iptv\inputs\m3u_sources\review_from_iptv__C42511BE\pk.m3u"
"88D26A8C40367B287B785B34BA70BDB41A1E30D0AD946D16FC3C3ADECEFA946E","2","88D26A8C40__co.m3u;co.m3u","C:\Users\andrew\PROJECTS\iptv\inputs\m3u_sources\88D26A8C40__co.m3u;C:\Users\andrew\PROJECTS\iptv\inputs\m3u_sources\review_from_iptv__C42511BE\co.m3u"
"8A11AD821FB98C22E3720213ED6BC7EE3F16D82C23F5577CDE0C968FE56F6776","2","8A11AD821F__fr.m3u;fr.m3u","C:\Users\andrew\PROJECTS\iptv\inputs\m3u_sources\8A11AD821F__fr.m3u;C:\Users\andrew\PROJECTS\iptv\inputs\m3u_sources\review_from_iptv__C42511BE\fr.m3u"
"8D4F84D73E0C89CF8FDAC966602E2E491D4A87F49AAA4E33300D9C75FA1DFB21","2","8D4F84D73E__fr_bfm.m3u;fr_bfm.m3u","C:\Users\andrew\PROJECTS\iptv\inputs\m3u_sources\8D4F84D73E__fr_bfm.m3u;C:\Users\andrew\PROJECTS\iptv\inputs\m3u_sources\review_from_iptv__C42511BE\fr_bfm.m3u"
"8DAA0893C2494065481A8FD1ADAE4908CAF6B01220227FBD59F5D0A5D86062B1","2","8DAA0893C2__au.m3u;8DAA0893C2__playlist_local_au.m3u","C:\Users\andrew\PROJECTS\iptv\inputs\m3u_sources\8DAA0893C2__au.m3u;C:\Users\andrew\PROJECTS\iptv\inputs\m3u_sources\8DAA0893C2__playlist_local_au.m3u"
"8FAC69CB29D1BCCEBA271ABC2B74F15679747A0AD1F674CB1BA55D798539D85C","2","8FAC69CB29__be.m3u;be.m3u","C:\Users\andrew\PROJECTS\iptv\inputs\m3u_sources\8FAC69CB29__be.m3u;C:\Users\andrew\PROJECTS\iptv\inputs\m3u_sources\review_from_iptv__C42511BE\be.m3u"
"911CC1B8C3B6EAF4DEB8D196144F3665E36EED70F1AA6CC0B5882A4C47B9594C","2","911CC1B8C3__tr.m3u;tr.m3u","C:\Users\andrew\PROJECTS\iptv\inputs\m3u_sources\911CC1B8C3__tr.m3u;C:\Users\andrew\PROJECTS\iptv\inputs\m3u_sources\review_from_iptv__C42511BE\tr.m3u"
"93073AE36A6E5D7052EADF3512E2BD98A6B1E5F210C46333797E0F2C46671485","2","93073AE36A__bo.m3u;bo.m3u","C:\Users\andrew\PROJECTS\iptv\inputs\m3u_sources\93073AE36A__bo.m3u;C:\Users\andrew\PROJECTS\iptv\inputs\m3u_sources\review_from_iptv__C42511BE\bo.m3u"
"943DE6F05178FE08CD14FDDC6953BE04751977097431D969EE2B6B25D64C76F1","2","943DE6F051__us_pluto.m3u;us_pluto.m3u","C:\Users\andrew\PROJECTS\iptv\inputs\m3u_sources\943DE6F051__us_pluto.m3u;C:\Users\andrew\PROJECTS\iptv\inputs\m3u_sources\review_from_iptv__C42511BE\us_pluto.m3u"
"9B4EC9E7D0D0AF0976681C9701BD4FA1ABACFD990FD6320BDD2D43C8C2C3BDFA","2","9B4EC9E7D0__ca_samsung.m3u;ca_samsung.m3u","C:\Users\andrew\PROJECTS\iptv\inputs\m3u_sources\9B4EC9E7D0__ca_samsung.m3u;C:\Users\andrew\PROJECTS\iptv\inputs\m3u_sources\review_from_iptv__C42511BE\ca_samsung.m3u"
"9C79FA203BBCF683F3F34BB1FF59E81A455CF542EBD9DB9EE9E9378717A5CA0B","2","9C79FA203B__eg.m3u;eg.m3u","C:\Users\andrew\PROJECTS\iptv\inputs\m3u_sources\9C79FA203B__eg.m3u;C:\Users\andrew\PROJECTS\iptv\inputs\m3u_sources\review_from_iptv__C42511BE\eg.m3u"
"9F04D626C0AF80C5875CE120165648C1D8B43A32F66CDE2C983FA82DA2969956","2","9F04D626C0__nz.m3u;nz.m3u","C:\Users\andrew\PROJECTS\iptv\inputs\m3u_sources\9F04D626C0__nz.m3u;C:\Users\andrew\PROJECTS\iptv\inputs\m3u_sources\review_from_iptv__C42511BE\nz.m3u"
"9F381F06C6E5246D50DDB59170103ECD77C379B572F1346D0D03FCC8AF4CE9B3","2","9F381F06C6__cz.m3u;cz.m3u","C:\Users\andrew\PROJECTS\iptv\inputs\m3u_sources\9F381F06C6__cz.m3u;C:\Users\andrew\PROJECTS\iptv\inputs\m3u_sources\review_from_iptv__C42511BE\cz.m3u"
"A09CB64ED27B4334A8B70F2B072571583F1DEE9572C880DB45F166A957E8171B","2","A09CB64ED2__in.m3u;in.m3u","C:\Users\andrew\PROJECTS\iptv\inputs\m3u_sources\A09CB64ED2__in.m3u;C:\Users\andrew\PROJECTS\iptv\inputs\m3u_sources\review_from_iptv__C42511BE\in.m3u"
"A0B7E10333634678746ECD4871765B86394F45EFE4A5C9D2EABAF6449C8530FC","2","A0B7E10333__sg.m3u;sg.m3u","C:\Users\andrew\PROJECTS\iptv\inputs\m3u_sources\A0B7E10333__sg.m3u;C:\Users\andrew\PROJECTS\iptv\inputs\m3u_sources\review_from_iptv__C42511BE\sg.m3u"
"A5A57E208E103EEC535FCDDE52783CB5DD354FC3F3308479CC04ED299253B22C","2","A5A57E208E__cm.m3u;cm.m3u","C:\Users\andrew\PROJECTS\iptv\inputs\m3u_sources\A5A57E208E__cm.m3u;C:\Users\andrew\PROJECTS\iptv\inputs\m3u_sources\review_from_iptv__C42511BE\cm.m3u"
"A76B1143192E194E25BB01ADA65A3598E433EDE01381213C39A0B5E73D7A3591","2","A76B114319__ni.m3u;ni.m3u","C:\Users\andrew\PROJECTS\iptv\inputs\m3u_sources\A76B114319__ni.m3u;C:\Users\andrew\PROJECTS\iptv\inputs\m3u_sources\review_from_iptv__C42511BE\ni.m3u"
"A86FD9183248B4C27925A97149E86980C0BF20AD161018D8E1FEA9FEDDE46A3C","2","A86FD91832__ch.m3u;ch.m3u","C:\Users\andrew\PROJECTS\iptv\inputs\m3u_sources\A86FD91832__ch.m3u;C:\Users\andrew\PROJECTS\iptv\inputs\m3u_sources\review_from_iptv__C42511BE\ch.m3u"
"ABA2F797182F59EDED294396BC28A78FB05B1F8331C38619FFB9396323397286","2","ABA2F79718__localnow.m3u;ABA2F79718__playlist_apsattv_localnow.m3u","C:\Users\andrew\PROJECTS\iptv\inputs\m3u_sources\ABA2F79718__localnow.m3u;C:\Users\andrew\PROJECTS\iptv\inputs\m3u_sources\ABA2F79718__playlist_apsattv_localnow.m3u"
"ABD59B597F41680452895E8B2C724DAB29AF84FA1DF98314E14ABE3C845879C7","2","ABD59B597F__qa.m3u;qa.m3u","C:\Users\andrew\PROJECTS\iptv\inputs\m3u_sources\ABD59B597F__qa.m3u;C:\Users\andrew\PROJECTS\iptv\inputs\m3u_sources\review_from_iptv__C42511BE\qa.m3u"
"AE6D63C7E69E2C62EBD3B31F453C4E3AAFF41E79CCE2A0136126C40F09342996","2","AE6D63C7E6__us_tubi.m3u;us_tubi.m3u","C:\Users\andrew\PROJECTS\iptv\inputs\m3u_sources\AE6D63C7E6__us_tubi.m3u;C:\Users\andrew\PROJECTS\iptv\inputs\m3u_sources\review_from_iptv__C42511BE\us_tubi.m3u"
"AEF443C79290E57CEE72A1D572A5401F970C3E36FF5A898D4ED74B3455F09A18","2","AEF443C792__cy.m3u;cy.m3u","C:\Users\andrew\PROJECTS\iptv\inputs\m3u_sources\AEF443C792__cy.m3u;C:\Users\andrew\PROJECTS\iptv\inputs\m3u_sources\review_from_iptv__C42511BE\cy.m3u"
"B214EAE1709D56EFD573EAF7D3F43C404FE4049EB31E408C88F8C4274CE9C690","2","B214EAE170__de.m3u;de.m3u","C:\Users\andrew\PROJECTS\iptv\inputs\m3u_sources\B214EAE170__de.m3u;C:\Users\andrew\PROJECTS\iptv\inputs\m3u_sources\review_from_iptv__C42511BE\de.m3u"
"B47E4D68ABB182ECD4267F0D6FA0F3892A196D97612FAA41EAC14DF81F39B662","2","B47E4D68AB__us_adultswim.m3u;us_adultswim.m3u","C:\Users\andrew\PROJECTS\iptv\inputs\m3u_sources\B47E4D68AB__us_adultswim.m3u;C:\Users\andrew\PROJECTS\iptv\inputs\m3u_sources\review_from_iptv__C42511BE\us_adultswim.m3u"
"B58209DCCBDD2532BC497E4D017855C3610B47838EF6D0FFFC2587870EA08CD8","2","B58209DCCB__hk.m3u;hk.m3u","C:\Users\andrew\PROJECTS\iptv\inputs\m3u_sources\B58209DCCB__hk.m3u;C:\Users\andrew\PROJECTS\iptv\inputs\m3u_sources\review_from_iptv__C42511BE\hk.m3u"
"B68FA208500FAE04FE25A5278AE0E0286C1C9567D0A4DBC6B154EAE5EB245497","2","B68FA20850__us_klowdtv.m3u;us_klowdtv.m3u","C:\Users\andrew\PROJECTS\iptv\inputs\m3u_sources\B68FA20850__us_klowdtv.m3u;C:\Users\andrew\PROJECTS\iptv\inputs\m3u_sources\review_from_iptv__C42511BE\us_klowdtv.m3u"
"B8F030D64F948CCC4A406B6C2DACC59CFCA1A263E4F1DEC6C8E29CA91197CA15","2","B8F030D64F__hn.m3u;hn.m3u","C:\Users\andrew\PROJECTS\iptv\inputs\m3u_sources\B8F030D64F__hn.m3u;C:\Users\andrew\PROJECTS\iptv\inputs\m3u_sources\review_from_iptv__C42511BE\hn.m3u"
"B9934EC72269EB26E917827D0E8C3A0773BBB2B8F87FA48C67CD8D788DA67154","2","B9934EC722__uk_bbc.m3u;uk_bbc.m3u","C:\Users\andrew\PROJECTS\iptv\inputs\m3u_sources\B9934EC722__uk_bbc.m3u;C:\Users\andrew\PROJECTS\iptv\inputs\m3u_sources\review_from_iptv__C42511BE\uk_bbc.m3u"
"BA6FD7F90BAF42F26EE326A2945B1C6E29A65C3567C1E63968526469CDDCB8D5","2","BA6FD7F90B__id.m3u;id.m3u","C:\Users\andrew\PROJECTS\iptv\inputs\m3u_sources\BA6FD7F90B__id.m3u;C:\Users\andrew\PROJECTS\iptv\inputs\m3u_sources\review_from_iptv__C42511BE\id.m3u"
"BBADB30DBA59C0571F9AF1817A7DBFD63B4820CE486279B79522602E1BE04957","2","BBADB30DBA__nl_samsung.m3u;nl_samsung.m3u","C:\Users\andrew\PROJECTS\iptv\inputs\m3u_sources\BBADB30DBA__nl_samsung.m3u;C:\Users\andrew\PROJECTS\iptv\inputs\m3u_sources\review_from_iptv__C42511BE\nl_samsung.m3u"
"BD286FDE37730A2FAB5A9F802CE63B36EB1DCF70EFABD4B23AA40AFCFC5F027B","2","at_plutotv.m3u;BD286FDE37__at_plutotv.m3u","C:\Users\andrew\PROJECTS\iptv\inputs\m3u_sources\BD286FDE37__at_plutotv.m3u;C:\Users\andrew\PROJECTS\iptv\inputs\m3u_sources\review_from_iptv__C42511BE\at_plutotv.m3u"
"BD9052B56DB61C60171E991770C20C4022E74843944297D4D51B30B01C1AE6B3","2","BD9052B56D__ca_stingray.m3u;ca_stingray.m3u","C:\Users\andrew\PROJECTS\iptv\inputs\m3u_sources\BD9052B56D__ca_stingray.m3u;C:\Users\andrew\PROJECTS\iptv\inputs\m3u_sources\review_from_iptv__C42511BE\ca_stingray.m3u"
"BDAECF8D4DD4C605854381DCE4EC79F69C028DA3338EFAE8CB1C160CA3D923DB","2","BDAECF8D4D__ca_pluto.m3u;ca_pluto.m3u","C:\Users\andrew\PROJECTS\iptv\inputs\m3u_sources\BDAECF8D4D__ca_pluto.m3u;C:\Users\andrew\PROJECTS\iptv\inputs\m3u_sources\review_from_iptv__C42511BE\ca_pluto.m3u"
"BEAE468EBAE29A7FDC90EEC60947CD486CD50EF1B5AAC03DEEFE286835AD81F8","2","BEAE468EBA__us_wiseplayout.m3u;us_wiseplayout.m3u","C:\Users\andrew\PROJECTS\iptv\inputs\m3u_sources\BEAE468EBA__us_wiseplayout.m3u;C:\Users\andrew\PROJECTS\iptv\inputs\m3u_sources\review_from_iptv__C42511BE\us_wiseplayout.m3u"
"C036F309FC388DCAF7C966646505566FAEB04572C9DEA5E7C72A506949676AD0","2","ar.m3u;C036F309FC__ar.m3u","C:\Users\andrew\PROJECTS\iptv\inputs\m3u_sources\C036F309FC__ar.m3u;C:\Users\andrew\PROJECTS\iptv\inputs\m3u_sources\review_from_iptv__C42511BE\ar.m3u"
"C0B6537418E85A1D09494476EB07BC32D604004833F9E106008CA84E91B6220C","2","C0B6537418__il.m3u;il.m3u","C:\Users\andrew\PROJECTS\iptv\inputs\m3u_sources\C0B6537418__il.m3u;C:\Users\andrew\PROJECTS\iptv\inputs\m3u_sources\review_from_iptv__C42511BE\il.m3u"
"C140E606B752255A352ECA1F7001F5841969312675668EFB613B598F7AC8E07F","2","am_vnet.m3u;C140E606B7__am_vnet.m3u","C:\Users\andrew\PROJECTS\iptv\inputs\m3u_sources\C140E606B7__am_vnet.m3u;C:\Users\andrew\PROJECTS\iptv\inputs\m3u_sources\review_from_iptv__C42511BE\am_vnet.m3u"
"C306072121339294F7D3EAD8E59F05D6D46E5F65CACCCA48CD3906CD75B2DA67","2","C306072121__pa.m3u;pa.m3u","C:\Users\andrew\PROJECTS\iptv\inputs\m3u_sources\C306072121__pa.m3u;C:\Users\andrew\PROJECTS\iptv\inputs\m3u_sources\review_from_iptv__C42511BE\pa.m3u"
"C4C6574B7FD9C451729A8166B5BAEE82010FED9335CD9933558BCEA2EB30BBF6","2","C4C6574B7F__pl.m3u;pl.m3u","C:\Users\andrew\PROJECTS\iptv\inputs\m3u_sources\C4C6574B7F__pl.m3u;C:\Users\andrew\PROJECTS\iptv\inputs\m3u_sources\review_from_iptv__C42511BE\pl.m3u"
"C680268B284D82BC8B8316064701CB7B7D43E5CF1C8998F7FA22B2E65B93152A","2","C680268B28__ru_bonustv.m3u;ru_bonustv.m3u","C:\Users\andrew\PROJECTS\iptv\inputs\m3u_sources\C680268B28__ru_bonustv.m3u;C:\Users\andrew\PROJECTS\iptv\inputs\m3u_sources\review_from_iptv__C42511BE\ru_bonustv.m3u"
"C6C7C38568DE49A74275A72A88040F47721850C7FD773829226464A668533896","2","C6C7C38568__uk_pluto.m3u;uk_pluto.m3u","C:\Users\andrew\PROJECTS\iptv\inputs\m3u_sources\C6C7C38568__uk_pluto.m3u;C:\Users\andrew\PROJECTS\iptv\inputs\m3u_sources\review_from_iptv__C42511BE\uk_pluto.m3u"
"C8308ADDD4A9EF53CF97BD6B1C28BDA8A857681AE4BDB36A39F797EC228FEE90","2","C8308ADDD4__cn_cctv.m3u;cn_cctv.m3u","C:\Users\andrew\PROJECTS\iptv\inputs\m3u_sources\C8308ADDD4__cn_cctv.m3u;C:\Users\andrew\PROJECTS\iptv\inputs\m3u_sources\review_from_iptv__C42511BE\cn_cctv.m3u"
"CAE8035E02A8E57FA3450C29DB83DF4D76736259854178F9D162A0E2407E7834","2","CAE8035E02__lb.m3u;lb.m3u","C:\Users\andrew\PROJECTS\iptv\inputs\m3u_sources\CAE8035E02__lb.m3u;C:\Users\andrew\PROJECTS\iptv\inputs\m3u_sources\review_from_iptv__C42511BE\lb.m3u"
"CB24977698DDF670277B3D996D891B7E5FC30870F4A947B2DBFDFE3CDFEAC245","2","CB24977698__ma.m3u;ma.m3u","C:\Users\andrew\PROJECTS\iptv\inputs\m3u_sources\CB24977698__ma.m3u;C:\Users\andrew\PROJECTS\iptv\inputs\m3u_sources\review_from_iptv__C42511BE\ma.m3u"
"CD640985EA2630701D4E0D39CDE0EA6792A74F2AA559DEBE84391BC512DE3317","2","CD640985EA__mk.m3u;mk.m3u","C:\Users\andrew\PROJECTS\iptv\inputs\m3u_sources\CD640985EA__mk.m3u;C:\Users\andrew\PROJECTS\iptv\inputs\m3u_sources\review_from_iptv__C42511BE\mk.m3u"
"CD9548855A68832A4AB512734D8CE36A077158A81DE0BCF9D73E4AFC1F87914D","2","CD9548855A__gr.m3u;gr.m3u","C:\Users\andrew\PROJECTS\iptv\inputs\m3u_sources\CD9548855A__gr.m3u;C:\Users\andrew\PROJECTS\iptv\inputs\m3u_sources\review_from_iptv__C42511BE\gr.m3u"
"CEEE8DEFDA65A31259ADC36140921E5D1E9A5D91B9C62E73CFB14192BA1F4B9A","2","CEEE8DEFDA__es_rakuten.m3u;es_rakuten.m3u","C:\Users\andrew\PROJECTS\iptv\inputs\m3u_sources\CEEE8DEFDA__es_rakuten.m3u;C:\Users\andrew\PROJECTS\iptv\inputs\m3u_sources\review_from_iptv__C42511BE\es_rakuten.m3u"
"D2A48A8C0834D4FD4D4570422B1D49CFBC26627C5865B61B68CC2D6D896851DD","2","D2A48A8C08__ru_smotrim.m3u;ru_smotrim.m3u","C:\Users\andrew\PROJECTS\iptv\inputs\m3u_sources\D2A48A8C08__ru_smotrim.m3u;C:\Users\andrew\PROJECTS\iptv\inputs\m3u_sources\review_from_iptv__C42511BE\ru_smotrim.m3u"
"D412B55757CBB8CEF1B2FE79BBE0C81C9DDACE80CAFED168B5841FEA0CE074F9","2","D412B55757__jp.m3u;jp.m3u","C:\Users\andrew\PROJECTS\iptv\inputs\m3u_sources\D412B55757__jp.m3u;C:\Users\andrew\PROJECTS\iptv\inputs\m3u_sources\review_from_iptv__C42511BE\jp.m3u"
"D5BCC30FE3CB3F92F5825769B03D56256EC86BF5A6D68D1ABC4D8562F38D145F","2","D5BCC30FE3__pr.m3u;pr.m3u","C:\Users\andrew\PROJECTS\iptv\inputs\m3u_sources\D5BCC30FE3__pr.m3u;C:\Users\andrew\PROJECTS\iptv\inputs\m3u_sources\review_from_iptv__C42511BE\pr.m3u"
"D5F089682F29284C6321A5A68B649E74045239ADA84B4647C7B3C9E4E9AD71F9","2","D5F089682F__us_samsung.m3u;us_samsung.m3u","C:\Users\andrew\PROJECTS\iptv\inputs\m3u_sources\D5F089682F__us_samsung.m3u;C:\Users\andrew\PROJECTS\iptv\inputs\m3u_sources\review_from_iptv__C42511BE\us_samsung.m3u"
"D68C2ED9AC039CA4E4AB116F8F9478FB7F23E78EED73C7B5C35065D1CF9659E4","2","D68C2ED9AC__hu.m3u;hu.m3u","C:\Users\andrew\PROJECTS\iptv\inputs\m3u_sources\D68C2ED9AC__hu.m3u;C:\Users\andrew\PROJECTS\iptv\inputs\m3u_sources\review_from_iptv__C42511BE\hu.m3u"
"D6C183A52886496D7463DFE36EE81C2727578C09648F3DA1591739C9CF0BA1F3","2","D6C183A528__pe.m3u;pe.m3u","C:\Users\andrew\PROJECTS\iptv\inputs\m3u_sources\D6C183A528__pe.m3u;C:\Users\andrew\PROJECTS\iptv\inputs\m3u_sources\review_from_iptv__C42511BE\pe.m3u"
"D6EC0EE288537A5594503A4B00AF6B39A879F38DE6557BD034D9B22DBE159525","2","D6EC0EE288__us_local.m3u;us_local.m3u","C:\Users\andrew\PROJECTS\iptv\inputs\m3u_sources\D6EC0EE288__us_local.m3u;C:\Users\andrew\PROJECTS\iptv\inputs\m3u_sources\review_from_iptv__C42511BE\us_local.m3u"
"D9D8937ADFDBDB326F7567BDB258362FAED9B5FD2999B76669FAE523CB4B75E9","2","D9D8937ADF__md.m3u;md.m3u","C:\Users\andrew\PROJECTS\iptv\inputs\m3u_sources\D9D8937ADF__md.m3u;C:\Users\andrew\PROJECTS\iptv\inputs\m3u_sources\review_from_iptv__C42511BE\md.m3u"
"DADCC6D1955A93E89656D799A1EB88C10FCE6756E2A9733DED46A1B719106966","2","DADCC6D195__ca.m3u;DADCC6D195__playlist_local_ca.m3u","C:\Users\andrew\PROJECTS\iptv\inputs\m3u_sources\DADCC6D195__ca.m3u;C:\Users\andrew\PROJECTS\iptv\inputs\m3u_sources\DADCC6D195__playlist_local_ca.m3u"
"DC514A7665DAEFC8C2E23731567FBCE3D80B40EE874721952FCE75659085D644","2","DC514A7665__fr_pluto.m3u;fr_pluto.m3u","C:\Users\andrew\PROJECTS\iptv\inputs\m3u_sources\DC514A7665__fr_pluto.m3u;C:\Users\andrew\PROJECTS\iptv\inputs\m3u_sources\review_from_iptv__C42511BE\fr_pluto.m3u"
"DC5D6630CA1A73C906C38A3C3978EB45C026708735A8A2124BF3E488BD8DADF6","2","DC5D6630CA__playlist_local_uk.m3u;DC5D6630CA__uk.m3u","C:\Users\andrew\PROJECTS\iptv\inputs\m3u_sources\DC5D6630CA__playlist_local_uk.m3u;C:\Users\andrew\PROJECTS\iptv\inputs\m3u_sources\DC5D6630CA__uk.m3u"
"DCB1077C13122BB984D4C2F4B46FAB67E809449C6C60B156B329D3358F209BC2","2","DCB1077C13__fi.m3u;fi.m3u","C:\Users\andrew\PROJECTS\iptv\inputs\m3u_sources\DCB1077C13__fi.m3u;C:\Users\andrew\PROJECTS\iptv\inputs\m3u_sources\review_from_iptv__C42511BE\fi.m3u"
"DE1632EFC522D8FDDA8BC48A6BCB128092FBD3073D8DFEB6F01C0301229FD65B","2","ca.m3u;DE1632EFC5__ca.m3u","C:\Users\andrew\PROJECTS\iptv\inputs\m3u_sources\DE1632EFC5__ca.m3u;C:\Users\andrew\PROJECTS\iptv\inputs\m3u_sources\review_from_iptv__C42511BE\ca.m3u"
"DE298230A441F896499B04408B228CF9FD4143CD27984CE85265EF95436B9E03","2","al.m3u;DE298230A4__al.m3u","C:\Users\andrew\PROJECTS\iptv\inputs\m3u_sources\DE298230A4__al.m3u;C:\Users\andrew\PROJECTS\iptv\inputs\m3u_sources\review_from_iptv__C42511BE\al.m3u"
"E0D5D9E412291E31B5DD30BBA31247A5C1490BE89FD3CD2ADFCA94AC0F97097B","2","cl.m3u;E0D5D9E412__cl.m3u","C:\Users\andrew\PROJECTS\iptv\inputs\m3u_sources\E0D5D9E412__cl.m3u;C:\Users\andrew\PROJECTS\iptv\inputs\m3u_sources\review_from_iptv__C42511BE\cl.m3u"
"E5040D5FC71AEB3D4BF65DBAF67AE51E57EF4F1377C402F5E8D2F4BECC2BEE40","2","E5040D5FC7__vn.m3u;vn.m3u","C:\Users\andrew\PROJECTS\iptv\inputs\m3u_sources\E5040D5FC7__vn.m3u;C:\Users\andrew\PROJECTS\iptv\inputs\m3u_sources\review_from_iptv__C42511BE\vn.m3u"
"E7F740982E4B27ABFCC4A6AB0097A11172A9A0A56736909626A0EB14841FAA14","2","E7F740982E__it_pluto.m3u;it_pluto.m3u","C:\Users\andrew\PROJECTS\iptv\inputs\m3u_sources\E7F740982E__it_pluto.m3u;C:\Users\andrew\PROJECTS\iptv\inputs\m3u_sources\review_from_iptv__C42511BE\it_pluto.m3u"
"E9255133D2A948CF73B42B89B9034BF2B0267554D30EECF337179FA7F2376E62","2","E9255133D2__ht.m3u;ht.m3u","C:\Users\andrew\PROJECTS\iptv\inputs\m3u_sources\E9255133D2__ht.m3u;C:\Users\andrew\PROJECTS\iptv\inputs\m3u_sources\review_from_iptv__C42511BE\ht.m3u"
"EC1702492369454ED19D6FA472B2D2060A3D2BF1436FAE301103E4FD908EEFC6","2","EC17024923__us_moveonjoy.m3u;us_moveonjoy.m3u","C:\Users\andrew\PROJECTS\iptv\inputs\m3u_sources\EC17024923__us_moveonjoy.m3u;C:\Users\andrew\PROJECTS\iptv\inputs\m3u_sources\review_from_iptv__C42511BE\us_moveonjoy.m3u"
"F1777D5DC5136D3DB281B87ABA876D21841EAE30CE9771862438F72E41F46FDE","2","F1777D5DC5__sv.m3u;sv.m3u","C:\Users\andrew\PROJECTS\iptv\inputs\m3u_sources\F1777D5DC5__sv.m3u;C:\Users\andrew\PROJECTS\iptv\inputs\m3u_sources\review_from_iptv__C42511BE\sv.m3u"
"F30EA5445282A8B744C557346C45C71C25D4B86E4CB9A43E4030B5DBCAF06FF0","2","F30EA54452__us_plex.m3u;us_plex.m3u","C:\Users\andrew\PROJECTS\iptv\inputs\m3u_sources\F30EA54452__us_plex.m3u;C:\Users\andrew\PROJECTS\iptv\inputs\m3u_sources\review_from_iptv__C42511BE\us_plex.m3u"
"F4C952AFB2CB4A82BFDD923AF7B14C97DBFBF1D08D1F546C425DE47ED54D1454","2","au.m3u;F4C952AFB2__au.m3u","C:\Users\andrew\PROJECTS\iptv\inputs\m3u_sources\F4C952AFB2__au.m3u;C:\Users\andrew\PROJECTS\iptv\inputs\m3u_sources\review_from_iptv__C42511BE\au.m3u"
"FAA808B23969204146FC2B3ED703D8909AFFB71A92A7B39CC912D19F6E03CFDF","2","FAA808B239__mn.m3u;mn.m3u","C:\Users\andrew\PROJECTS\iptv\inputs\m3u_sources\FAA808B239__mn.m3u;C:\Users\andrew\PROJECTS\iptv\inputs\m3u_sources\review_from_iptv__C42511BE\mn.m3u"
"FD0316E7D9216AAA18A2052A36C5469A1CFA13215D4A27910BF65F4B98D4FB06","2","FD0316E7D9__ke.m3u;ke.m3u","C:\Users\andrew\PROJECTS\iptv\inputs\m3u_sources\FD0316E7D9__ke.m3u;C:\Users\andrew\PROJECTS\iptv\inputs\m3u_sources\review_from_iptv__C42511BE\ke.m3u"
"FE80BBCBDAD0F180F3056C41E097CA50698A8C1C3BDD3E63A1268AF1D103CEA6","2","by.m3u;FE80BBCBDA__by.m3u","C:\Users\andrew\PROJECTS\iptv\inputs\m3u_sources\FE80BBCBDA__by.m3u;C:\Users\andrew\PROJECTS\iptv\inputs\m3u_sources\review_from_iptv__C42511BE\by.m3u"
"058ED0FEA4FCBEA0706176503D71018DF34C40C412F02667BCB375633A6082AD","8","dj.m3u;es_yowi.m3u;fm.m3u;gl.m3u;mg.m3u;mr.m3u;pe_opencaster.m3u;tl.m3u","C:\Users\andrew\PROJECTS\iptv\inputs\m3u_sources\review_from_iptv__C42511BE\dj.m3u;C:\Users\andrew\PROJECTS\iptv\inputs\m3u_sources\review_from_iptv__C42511BE\es_yowi.m3u;C:\Users\andrew\PROJECTS\iptv\inputs\m3u_sources\review_from_iptv__C42511BE\fm.m3u;C:\Users\andrew\PROJECTS\iptv\inputs\m3u_sources\review_from_iptv__C42511BE\gl.m3u;C:\Users\andrew\PROJECTS\iptv\inputs\m3u_sources\review_from_iptv__C42511BE\mg.m3u;C:\Users\andrew\PROJECTS\iptv\inputs\m3u_sources\review_from_iptv__C42511BE\mr.m3u;C:\Users\andrew\PROJECTS\iptv\inputs\m3u_sources\review_from_iptv__C42511BE\pe_opencaster.m3u;C:\Users\andrew\PROJECTS\iptv\inputs\m3u_sources\review_from_iptv__C42511BE\tl.m3u"
