site,xmltv_id,name,source
,,,matched_channels.csv
,,,matched_channels.csv
,,,matched_channels.csv
,,,matched_channels.csv
,,,matched_channels.csv
,,,matched_channels.csv
,,,matched_channels.csv
,,,matched_channels.csv
,,,matched_channels.csv
,,,matched_channels.csv
,,,matched_channels.csv
,,,matched_channels.csv
,,,matched_channels.csv
,,,matched_channels.csv
,,,matched_channels.csv
,,,matched_channels.csv
,,,matched_channels.csv
,,,matched_channels.csv
,,,matched_channels.csv
,,,matched_channels.csv
,,,matched_channels.csv
,,,matched_channels.csv
,,,matched_channels.csv
,,,matched_channels.csv
,,,matched_channels.csv
,,,matched_channels.csv
,,,matched_channels.csv
,,,matched_channels.csv
,,,matched_channels.csv
,,,matched_channels.csv
,,,matched_channels.csv
,,,matched_channels.csv
,,,matched_channels.csv
,,,matched_channels.csv
,,,matched_channels.csv
,,,matched_channels.csv
,,,matched_channels.csv
,,,matched_channels.csv
,,,matched_channels.csv
,,,matched_channels.csv
,,,matched_channels.csv
,,,matched_channels.csv
,,,matched_channels.csv
,,,matched_channels.csv
,,,matched_channels.csv
,,,matched_channels.csv
,,,matched_channels.csv
,,,matched_channels.csv
,,,matched_channels.csv
,,,matched_channels.csv
,,,matched_channels.csv
,,,matched_channels.csv
,,,matched_channels.csv
,,,matched_channels.csv
,,,matched_channels.csv
,,,matched_channels.csv
,,,matched_channels.csv
,,,matched_channels.csv
,,,matched_channels.csv
,,,matched_channels.csv
,,,matched_channels.csv
,,,matched_channels.csv
,,,matched_channels.csv
,,,matched_channels.csv
,,,matched_channels.csv
,,,matched_channels.csv
,,,matched_channels.csv
,,,matched_channels.csv
,,,matched_channels.csv
,,,matched_channels.csv
,,,matched_channels.csv
,,,matched_channels.csv
,,,matched_channels.csv
,,,matched_channels.csv
,,,matched_channels.csv
,,,matched_channels.csv
,,,matched_channels.csv
,,,matched_channels.csv
,,,matched_channels.csv
,,,matched_channels.csv
,,,matched_channels.csv
,,,matched_channels.csv
,,,matched_channels.csv
,,,matched_channels.csv
,,,matched_channels.csv
,,,matched_channels.csv
,,,matched_channels.csv
,,,matched_channels.csv
,,,matched_channels.csv
,,,matched_channels.csv
,,,matched_channels.csv
,,,matched_channels.csv
,,,matched_channels.csv
,,,matched_channels.csv
,,,matched_channels.csv
,,,matched_channels.csv
,,,matched_channels.csv
,,,matched_channels.csv
,,,matched_channels.csv
,,,matched_channels.csv
,,,matched_channels.csv
,,,matched_channels.csv
,,,matched_channels.csv
,,,matched_channels.csv
,,,matched_channels.csv
,,,matched_channels.csv
,,,matched_channels.csv
,,,matched_channels.csv
,,,matched_channels.csv
,,,matched_channels.csv
,,,matched_channels.csv
,,,matched_channels.csv
,,,matched_channels.csv
,,,matched_channels.csv
,,,matched_channels.csv
,,,matched_channels.csv
,,,matched_channels.csv
,,,matched_channels.csv
,,,matched_channels.csv
,,,matched_channels.csv
,,,matched_channels.csv
,,,matched_channels.csv
,,,matched_channels.csv
,,,matched_channels.csv
,,,matched_channels.csv
,,,matched_channels.csv
,,,matched_channels.csv
,,,matched_channels.csv
,,,matched_channels.csv
,,,matched_channels.csv
,,,matched_channels.csv
,,,matched_channels.csv
,,,matched_channels.csv
,,,matched_channels.csv
,,,matched_channels.csv
,,,matched_channels.csv
,,,matched_channels.csv
,,,matched_channels.csv
,,,matched_channels.csv
,,,matched_channels.csv
,,,matched_channels.csv
,,,matched_channels.csv
,,,matched_channels.csv
,,,matched_channels.csv
,,,matched_channels.csv
,,,matched_channels.csv
,,,matched_channels.csv
,,,matched_channels.csv
,,,matched_channels.csv
,,,matched_channels.csv
,,,matched_channels.csv
,,,matched_channels.csv
,,,matched_channels.csv
,,,matched_channels.csv
,,,matched_channels.csv
,,,recommended_custom_list.csv
,,,recommended_custom_list.csv
,,,recommended_custom_list.csv
,,,recommended_custom_list.csv
,,,recommended_custom_list.csv
,,,recommended_custom_list.csv
,,,recommended_custom_list.csv
,,,recommended_custom_list.csv
,,,recommended_custom_list.csv
,,,recommended_custom_list.csv
,,,recommended_custom_list.csv
,,,recommended_custom_list.csv
,,,recommended_custom_list.csv
,,,recommended_custom_list.csv
,,,recommended_custom_list.csv
,,,recommended_custom_list.csv
,,,recommended_custom_list.csv
,,,recommended_custom_list.csv
,,,recommended_custom_list.csv
,,,recommended_custom_list.csv
,,,recommended_custom_list.csv
,,,recommended_custom_list.csv
,,,recommended_custom_list.csv
,,,recommended_custom_list.csv
,,,recommended_custom_list.csv
