"source_root","target_root","relative_path","source_path","target_path","status","source_size_bytes","target_size_bytes"
"C:\Users\andrew\PROJECTS\iptv\collections\inputs_for_tivimate\m3u","C:\Users\andrew\PROJECTS\iptv\inputs\m3u_sources","review_from_iptv__C42511BE\us_tcl.m3u","","C:\Users\andrew\PROJECTS\iptv\inputs\m3u_sources\review_from_iptv__C42511BE\us_tcl.m3u","EXTRA_IN_TARGET","","740"
"C:\Users\andrew\PROJECTS\iptv\collections\inputs_for_tivimate\m3u","C:\Users\andrew\PROJECTS\iptv\inputs\m3u_sources","review_from_iptv__C42511BE\it_samsung.m3u","","C:\Users\andrew\PROJECTS\iptv\inputs\m3u_sources\review_from_iptv__C42511BE\it_samsung.m3u","EXTRA_IN_TARGET","","4202"
"C:\Users\andrew\PROJECTS\iptv\collections\inputs_for_tivimate\m3u","C:\Users\andrew\PROJECTS\iptv\inputs\m3u_sources","review_from_iptv__C42511BE\es.m3u","","C:\Users\andrew\PROJECTS\iptv\inputs\m3u_sources\review_from_iptv__C42511BE\es.m3u","EXTRA_IN_TARGET","","48311"
"C:\Users\andrew\PROJECTS\iptv\collections\inputs_for_tivimate\m3u","C:\Users\andrew\PROJECTS\iptv\inputs\m3u_sources","review_from_iptv__C42511BE\gu.m3u","","C:\Users\andrew\PROJECTS\iptv\inputs\m3u_sources\review_from_iptv__C42511BE\gu.m3u","EXTRA_IN_TARGET","","137"
"C:\Users\andrew\PROJECTS\iptv\collections\inputs_for_tivimate\m3u","C:\Users\andrew\PROJECTS\iptv\inputs\m3u_sources","review_from_iptv__C42511BE\bi.m3u","","C:\Users\andrew\PROJECTS\iptv\inputs\m3u_sources\review_from_iptv__C42511BE\bi.m3u","EXTRA_IN_TARGET","","118"
"C:\Users\andrew\PROJECTS\iptv\collections\inputs_for_tivimate\m3u","C:\Users\andrew\PROJECTS\iptv\inputs\m3u_sources","review_from_iptv__C42511BE\nl_samsung.m3u","","C:\Users\andrew\PROJECTS\iptv\inputs\m3u_sources\review_from_iptv__C42511BE\nl_samsung.m3u","EXTRA_IN_TARGET","","3710"
"C:\Users\andrew\PROJECTS\iptv\collections\inputs_for_tivimate\m3u","C:\Users\andrew\PROJECTS\iptv\inputs\m3u_sources","review_from_iptv__C42511BE\us_xumo.m3u","","C:\Users\andrew\PROJECTS\iptv\inputs\m3u_sources\review_from_iptv__C42511BE\us_xumo.m3u","EXTRA_IN_TARGET","","14229"
"C:\Users\andrew\PROJECTS\iptv\collections\inputs_for_tivimate\m3u","C:\Users\andrew\PROJECTS\iptv\inputs\m3u_sources","review_from_iptv__C42511BE\ht.m3u","","C:\Users\andrew\PROJECTS\iptv\inputs\m3u_sources\review_from_iptv__C42511BE\ht.m3u","EXTRA_IN_TARGET","","3506"
"C:\Users\andrew\PROJECTS\iptv\collections\inputs_for_tivimate\m3u","C:\Users\andrew\PROJECTS\iptv\inputs\m3u_sources","review_from_iptv__C42511BE\mt_smash_plus.m3u","","C:\Users\andrew\PROJECTS\iptv\inputs\m3u_sources\review_from_iptv__C42511BE\mt_smash_plus.m3u","EXTRA_IN_TARGET","","2300"
"C:\Users\andrew\PROJECTS\iptv\collections\inputs_for_tivimate\m3u","C:\Users\andrew\PROJECTS\iptv\inputs\m3u_sources","review_from_iptv__C42511BE\va.m3u","","C:\Users\andrew\PROJECTS\iptv\inputs\m3u_sources\review_from_iptv__C42511BE\va.m3u","EXTRA_IN_TARGET","","348"
"C:\Users\andrew\PROJECTS\iptv\collections\inputs_for_tivimate\m3u","C:\Users\andrew\PROJECTS\iptv\inputs\m3u_sources","review_from_iptv__C42511BE\uk_samsung.m3u","","C:\Users\andrew\PROJECTS\iptv\inputs\m3u_sources\review_from_iptv__C42511BE\uk_samsung.m3u","EXTRA_IN_TARGET","","3382"
"C:\Users\andrew\PROJECTS\iptv\collections\inputs_for_tivimate\m3u","C:\Users\andrew\PROJECTS\iptv\inputs\m3u_sources","review_from_iptv__C42511BE\cu.m3u","","C:\Users\andrew\PROJECTS\iptv\inputs\m3u_sources\review_from_iptv__C42511BE\cu.m3u","EXTRA_IN_TARGET","","491"
"C:\Users\andrew\PROJECTS\iptv\collections\inputs_for_tivimate\m3u","C:\Users\andrew\PROJECTS\iptv\inputs\m3u_sources","review_from_iptv__C42511BE\us_plex.m3u","","C:\Users\andrew\PROJECTS\iptv\inputs\m3u_sources\review_from_iptv__C42511BE\us_plex.m3u","EXTRA_IN_TARGET","","5545"
"C:\Users\andrew\PROJECTS\iptv\collections\inputs_for_tivimate\m3u","C:\Users\andrew\PROJECTS\iptv\inputs\m3u_sources","review_from_iptv__C42511BE\lt.m3u","","C:\Users\andrew\PROJECTS\iptv\inputs\m3u_sources\review_from_iptv__C42511BE\lt.m3u","EXTRA_IN_TARGET","","657"
"C:\Users\andrew\PROJECTS\iptv\collections\inputs_for_tivimate\m3u","C:\Users\andrew\PROJECTS\iptv\inputs\m3u_sources","review_from_iptv__C42511BE\ca_pluto.m3u","","C:\Users\andrew\PROJECTS\iptv\inputs\m3u_sources\review_from_iptv__C42511BE\ca_pluto.m3u","EXTRA_IN_TARGET","","88254"
"C:\Users\andrew\PROJECTS\iptv\collections\inputs_for_tivimate\m3u","C:\Users\andrew\PROJECTS\iptv\inputs\m3u_sources","review_from_iptv__C42511BE\mv.m3u","","C:\Users\andrew\PROJECTS\iptv\inputs\m3u_sources\review_from_iptv__C42511BE\mv.m3u","EXTRA_IN_TARGET","","735"
"C:\Users\andrew\PROJECTS\iptv\collections\inputs_for_tivimate\m3u","C:\Users\andrew\PROJECTS\iptv\inputs\m3u_sources","review_from_iptv__C42511BE\sy.m3u","","C:\Users\andrew\PROJECTS\iptv\inputs\m3u_sources\review_from_iptv__C42511BE\sy.m3u","EXTRA_IN_TARGET","","886"
"C:\Users\andrew\PROJECTS\iptv\collections\inputs_for_tivimate\m3u","C:\Users\andrew\PROJECTS\iptv\inputs\m3u_sources","review_from_iptv__C42511BE\fi_rakuten.m3u","","C:\Users\andrew\PROJECTS\iptv\inputs\m3u_sources\review_from_iptv__C42511BE\fi_rakuten.m3u","EXTRA_IN_TARGET","","999"
"C:\Users\andrew\PROJECTS\iptv\collections\inputs_for_tivimate\m3u","C:\Users\andrew\PROJECTS\iptv\inputs\m3u_sources","review_from_iptv__C42511BE\us_cbsn.m3u","","C:\Users\andrew\PROJECTS\iptv\inputs\m3u_sources\review_from_iptv__C42511BE\us_cbsn.m3u","EXTRA_IN_TARGET","","2755"
"C:\Users\andrew\PROJECTS\iptv\collections\inputs_for_tivimate\m3u","C:\Users\andrew\PROJECTS\iptv\inputs\m3u_sources","review_from_iptv__C42511BE\mn.m3u","","C:\Users\andrew\PROJECTS\iptv\inputs\m3u_sources\review_from_iptv__C42511BE\mn.m3u","EXTRA_IN_TARGET","","3358"
"C:\Users\andrew\PROJECTS\iptv\collections\inputs_for_tivimate\m3u","C:\Users\andrew\PROJECTS\iptv\inputs\m3u_sources","review_from_iptv__C42511BE\it.m3u","","C:\Users\andrew\PROJECTS\iptv\inputs\m3u_sources\review_from_iptv__C42511BE\it.m3u","EXTRA_IN_TARGET","","42943"
"C:\Users\andrew\PROJECTS\iptv\collections\inputs_for_tivimate\m3u","C:\Users\andrew\PROJECTS\iptv\inputs\m3u_sources","review_from_iptv__C42511BE\sa.m3u","","C:\Users\andrew\PROJECTS\iptv\inputs\m3u_sources\review_from_iptv__C42511BE\sa.m3u","EXTRA_IN_TARGET","","5526"
"C:\Users\andrew\PROJECTS\iptv\collections\inputs_for_tivimate\m3u","C:\Users\andrew\PROJECTS\iptv\inputs\m3u_sources","review_from_iptv__C42511BE\ru_zabava.m3u","","C:\Users\andrew\PROJECTS\iptv\inputs\m3u_sources\review_from_iptv__C42511BE\ru_zabava.m3u","EXTRA_IN_TARGET","","3782"
"C:\Users\andrew\PROJECTS\iptv\collections\inputs_for_tivimate\m3u","C:\Users\andrew\PROJECTS\iptv\inputs\m3u_sources","review_from_iptv__C42511BE\cd.m3u","","C:\Users\andrew\PROJECTS\iptv\inputs\m3u_sources\review_from_iptv__C42511BE\cd.m3u","EXTRA_IN_TARGET","","4434"
"C:\Users\andrew\PROJECTS\iptv\collections\inputs_for_tivimate\m3u","C:\Users\andrew\PROJECTS\iptv\inputs\m3u_sources","review_from_iptv__C42511BE\td.m3u","","C:\Users\andrew\PROJECTS\iptv\inputs\m3u_sources\review_from_iptv__C42511BE\td.m3u","EXTRA_IN_TARGET","","145"
"C:\Users\andrew\PROJECTS\iptv\collections\inputs_for_tivimate\m3u","C:\Users\andrew\PROJECTS\iptv\inputs\m3u_sources","review_from_iptv__C42511BE\no.m3u","","C:\Users\andrew\PROJECTS\iptv\inputs\m3u_sources\review_from_iptv__C42511BE\no.m3u","EXTRA_IN_TARGET","","1722"
"C:\Users\andrew\PROJECTS\iptv\collections\inputs_for_tivimate\m3u","C:\Users\andrew\PROJECTS\iptv\inputs\m3u_sources","review_from_iptv__C42511BE\kr.m3u","","C:\Users\andrew\PROJECTS\iptv\inputs\m3u_sources\review_from_iptv__C42511BE\kr.m3u","EXTRA_IN_TARGET","","14037"
"C:\Users\andrew\PROJECTS\iptv\collections\inputs_for_tivimate\m3u","C:\Users\andrew\PROJECTS\iptv\inputs\m3u_sources","review_from_iptv__C42511BE\do.m3u","","C:\Users\andrew\PROJECTS\iptv\inputs\m3u_sources\review_from_iptv__C42511BE\do.m3u","EXTRA_IN_TARGET","","29606"
"C:\Users\andrew\PROJECTS\iptv\collections\inputs_for_tivimate\m3u","C:\Users\andrew\PROJECTS\iptv\inputs\m3u_sources","review_from_iptv__C42511BE\cn_cctv.m3u","","C:\Users\andrew\PROJECTS\iptv\inputs\m3u_sources\review_from_iptv__C42511BE\cn_cctv.m3u","EXTRA_IN_TARGET","","2098"
"C:\Users\andrew\PROJECTS\iptv\collections\inputs_for_tivimate\m3u","C:\Users\andrew\PROJECTS\iptv\inputs\m3u_sources","review_from_iptv__C42511BE\ru_rt.m3u","","C:\Users\andrew\PROJECTS\iptv\inputs\m3u_sources\review_from_iptv__C42511BE\ru_rt.m3u","EXTRA_IN_TARGET","","1811"
"C:\Users\andrew\PROJECTS\iptv\collections\inputs_for_tivimate\m3u","C:\Users\andrew\PROJECTS\iptv\inputs\m3u_sources","review_from_iptv__C42511BE\kw.m3u","","C:\Users\andrew\PROJECTS\iptv\inputs\m3u_sources\review_from_iptv__C42511BE\kw.m3u","EXTRA_IN_TARGET","","1419"
"C:\Users\andrew\PROJECTS\iptv\collections\inputs_for_tivimate\m3u","C:\Users\andrew\PROJECTS\iptv\inputs\m3u_sources","review_from_iptv__C42511BE\st.m3u","","C:\Users\andrew\PROJECTS\iptv\inputs\m3u_sources\review_from_iptv__C42511BE\st.m3u","EXTRA_IN_TARGET","","101"
"C:\Users\andrew\PROJECTS\iptv\collections\inputs_for_tivimate\m3u","C:\Users\andrew\PROJECTS\iptv\inputs\m3u_sources","review_from_iptv__C42511BE\us_samsung.m3u","","C:\Users\andrew\PROJECTS\iptv\inputs\m3u_sources\review_from_iptv__C42511BE\us_samsung.m3u","EXTRA_IN_TARGET","","5162"
"C:\Users\andrew\PROJECTS\iptv\collections\inputs_for_tivimate\m3u","C:\Users\andrew\PROJECTS\iptv\inputs\m3u_sources","review_from_iptv__C42511BE\se_samsung.m3u","","C:\Users\andrew\PROJECTS\iptv\inputs\m3u_sources\review_from_iptv__C42511BE\se_samsung.m3u","EXTRA_IN_TARGET","","3101"
"C:\Users\andrew\PROJECTS\iptv\collections\inputs_for_tivimate\m3u","C:\Users\andrew\PROJECTS\iptv\inputs\m3u_sources","review_from_iptv__C42511BE\dz.m3u","","C:\Users\andrew\PROJECTS\iptv\inputs\m3u_sources\review_from_iptv__C42511BE\dz.m3u","EXTRA_IN_TARGET","","1823"
"C:\Users\andrew\PROJECTS\iptv\collections\inputs_for_tivimate\m3u","C:\Users\andrew\PROJECTS\iptv\inputs\m3u_sources","review_from_iptv__C42511BE\mx_samsung.m3u","","C:\Users\andrew\PROJECTS\iptv\inputs\m3u_sources\review_from_iptv__C42511BE\mx_samsung.m3u","EXTRA_IN_TARGET","","671"
"C:\Users\andrew\PROJECTS\iptv\collections\inputs_for_tivimate\m3u","C:\Users\andrew\PROJECTS\iptv\inputs\m3u_sources","review_from_iptv__C42511BE\cz.m3u","","C:\Users\andrew\PROJECTS\iptv\inputs\m3u_sources\review_from_iptv__C42511BE\cz.m3u","EXTRA_IN_TARGET","","4045"
"C:\Users\andrew\PROJECTS\iptv\collections\inputs_for_tivimate\m3u","C:\Users\andrew\PROJECTS\iptv\inputs\m3u_sources","review_from_iptv__C42511BE\lu_samsung.m3u","","C:\Users\andrew\PROJECTS\iptv\inputs\m3u_sources\review_from_iptv__C42511BE\lu_samsung.m3u","EXTRA_IN_TARGET","","538"
"C:\Users\andrew\PROJECTS\iptv\collections\inputs_for_tivimate\m3u","C:\Users\andrew\PROJECTS\iptv\inputs\m3u_sources","review_from_iptv__C42511BE\se.m3u","","C:\Users\andrew\PROJECTS\iptv\inputs\m3u_sources\review_from_iptv__C42511BE\se.m3u","EXTRA_IN_TARGET","","1729"
"C:\Users\andrew\PROJECTS\iptv\collections\inputs_for_tivimate\m3u","C:\Users\andrew\PROJECTS\iptv\inputs\m3u_sources","review_from_iptv__C42511BE\ca.m3u","","C:\Users\andrew\PROJECTS\iptv\inputs\m3u_sources\review_from_iptv__C42511BE\ca.m3u","EXTRA_IN_TARGET","","19399"
"C:\Users\andrew\PROJECTS\iptv\collections\inputs_for_tivimate\m3u","C:\Users\andrew\PROJECTS\iptv\inputs\m3u_sources","review_from_iptv__C42511BE\my.m3u","","C:\Users\andrew\PROJECTS\iptv\inputs\m3u_sources\review_from_iptv__C42511BE\my.m3u","EXTRA_IN_TARGET","","3516"
"C:\Users\andrew\PROJECTS\iptv\collections\inputs_for_tivimate\m3u","C:\Users\andrew\PROJECTS\iptv\inputs\m3u_sources","review_from_iptv__C42511BE\es_yowi.m3u","","C:\Users\andrew\PROJECTS\iptv\inputs\m3u_sources\review_from_iptv__C42511BE\es_yowi.m3u","EXTRA_IN_TARGET","","9"
"C:\Users\andrew\PROJECTS\iptv\collections\inputs_for_tivimate\m3u","C:\Users\andrew\PROJECTS\iptv\inputs\m3u_sources","review_from_iptv__C42511BE\il.m3u","","C:\Users\andrew\PROJECTS\iptv\inputs\m3u_sources\review_from_iptv__C42511BE\il.m3u","EXTRA_IN_TARGET","","3227"
"C:\Users\andrew\PROJECTS\iptv\collections\inputs_for_tivimate\m3u","C:\Users\andrew\PROJECTS\iptv\inputs\m3u_sources","review_from_iptv__C42511BE\lr.m3u","","C:\Users\andrew\PROJECTS\iptv\inputs\m3u_sources\review_from_iptv__C42511BE\lr.m3u","EXTRA_IN_TARGET","","113"
"C:\Users\andrew\PROJECTS\iptv\collections\inputs_for_tivimate\m3u","C:\Users\andrew\PROJECTS\iptv\inputs\m3u_sources","review_from_iptv__C42511BE\bo.m3u","","C:\Users\andrew\PROJECTS\iptv\inputs\m3u_sources\review_from_iptv__C42511BE\bo.m3u","EXTRA_IN_TARGET","","8141"
"C:\Users\andrew\PROJECTS\iptv\collections\inputs_for_tivimate\m3u","C:\Users\andrew\PROJECTS\iptv\inputs\m3u_sources","review_from_iptv__C42511BE\jm.m3u","","C:\Users\andrew\PROJECTS\iptv\inputs\m3u_sources\review_from_iptv__C42511BE\jm.m3u","EXTRA_IN_TARGET","","798"
"C:\Users\andrew\PROJECTS\iptv\collections\inputs_for_tivimate\m3u","C:\Users\andrew\PROJECTS\iptv\inputs\m3u_sources","review_from_iptv__C42511BE\bj.m3u","","C:\Users\andrew\PROJECTS\iptv\inputs\m3u_sources\review_from_iptv__C42511BE\bj.m3u","EXTRA_IN_TARGET","","1751"
"C:\Users\andrew\PROJECTS\iptv\collections\inputs_for_tivimate\m3u","C:\Users\andrew\PROJECTS\iptv\inputs\m3u_sources","review_from_iptv__C42511BE\us_wiseplayout.m3u","","C:\Users\andrew\PROJECTS\iptv\inputs\m3u_sources\review_from_iptv__C42511BE\us_wiseplayout.m3u","EXTRA_IN_TARGET","","3097"
"C:\Users\andrew\PROJECTS\iptv\collections\inputs_for_tivimate\m3u","C:\Users\andrew\PROJECTS\iptv\inputs\m3u_sources","review_from_iptv__C42511BE\ci.m3u","","C:\Users\andrew\PROJECTS\iptv\inputs\m3u_sources\review_from_iptv__C42511BE\ci.m3u","EXTRA_IN_TARGET","","3614"
"C:\Users\andrew\PROJECTS\iptv\collections\inputs_for_tivimate\m3u","C:\Users\andrew\PROJECTS\iptv\inputs\m3u_sources","review_from_iptv__C42511BE\so.m3u","","C:\Users\andrew\PROJECTS\iptv\inputs\m3u_sources\review_from_iptv__C42511BE\so.m3u","EXTRA_IN_TARGET","","1042"
"C:\Users\andrew\PROJECTS\iptv\collections\inputs_for_tivimate\m3u","C:\Users\andrew\PROJECTS\iptv\inputs\m3u_sources","review_from_iptv__C42511BE\rs.m3u","","C:\Users\andrew\PROJECTS\iptv\inputs\m3u_sources\review_from_iptv__C42511BE\rs.m3u","EXTRA_IN_TARGET","","3365"
"C:\Users\andrew\PROJECTS\iptv\collections\inputs_for_tivimate\m3u","C:\Users\andrew\PROJECTS\iptv\inputs\m3u_sources","review_from_iptv__C42511BE\mw.m3u","","C:\Users\andrew\PROJECTS\iptv\inputs\m3u_sources\review_from_iptv__C42511BE\mw.m3u","EXTRA_IN_TARGET","","361"
"C:\Users\andrew\PROJECTS\iptv\collections\inputs_for_tivimate\m3u","C:\Users\andrew\PROJECTS\iptv\inputs\m3u_sources","review_from_iptv__C42511BE\dk.m3u","","C:\Users\andrew\PROJECTS\iptv\inputs\m3u_sources\review_from_iptv__C42511BE\dk.m3u","EXTRA_IN_TARGET","","3027"
"C:\Users\andrew\PROJECTS\iptv\collections\inputs_for_tivimate\m3u","C:\Users\andrew\PROJECTS\iptv\inputs\m3u_sources","review_from_iptv__C42511BE\by.m3u","","C:\Users\andrew\PROJECTS\iptv\inputs\m3u_sources\review_from_iptv__C42511BE\by.m3u","EXTRA_IN_TARGET","","3476"
"C:\Users\andrew\PROJECTS\iptv\collections\inputs_for_tivimate\m3u","C:\Users\andrew\PROJECTS\iptv\inputs\m3u_sources","review_from_iptv__C42511BE\ru_s18209.m3u","","C:\Users\andrew\PROJECTS\iptv\inputs\m3u_sources\review_from_iptv__C42511BE\ru_s18209.m3u","EXTRA_IN_TARGET","","1923"
"C:\Users\andrew\PROJECTS\iptv\collections\inputs_for_tivimate\m3u","C:\Users\andrew\PROJECTS\iptv\inputs\m3u_sources","review_from_iptv__C42511BE\ro.m3u","","C:\Users\andrew\PROJECTS\iptv\inputs\m3u_sources\review_from_iptv__C42511BE\ro.m3u","EXTRA_IN_TARGET","","15933"
"C:\Users\andrew\PROJECTS\iptv\collections\inputs_for_tivimate\m3u","C:\Users\andrew\PROJECTS\iptv\inputs\m3u_sources","review_from_iptv__C42511BE\th.m3u","","C:\Users\andrew\PROJECTS\iptv\inputs\m3u_sources\review_from_iptv__C42511BE\th.m3u","EXTRA_IN_TARGET","","5870"
"C:\Users\andrew\PROJECTS\iptv\collections\inputs_for_tivimate\m3u","C:\Users\andrew\PROJECTS\iptv\inputs\m3u_sources","review_from_iptv__C42511BE\au_samsung.m3u","","C:\Users\andrew\PROJECTS\iptv\inputs\m3u_sources\review_from_iptv__C42511BE\au_samsung.m3u","EXTRA_IN_TARGET","","1837"
"C:\Users\andrew\PROJECTS\iptv\collections\inputs_for_tivimate\m3u","C:\Users\andrew\PROJECTS\iptv\inputs\m3u_sources","review_from_iptv__C42511BE\xk.m3u","","C:\Users\andrew\PROJECTS\iptv\inputs\m3u_sources\review_from_iptv__C42511BE\xk.m3u","EXTRA_IN_TARGET","","1101"
"C:\Users\andrew\PROJECTS\iptv\collections\inputs_for_tivimate\m3u","C:\Users\andrew\PROJECTS\iptv\inputs\m3u_sources","review_from_iptv__C42511BE\lu.m3u","","C:\Users\andrew\PROJECTS\iptv\inputs\m3u_sources\review_from_iptv__C42511BE\lu.m3u","EXTRA_IN_TARGET","","1823"
"C:\Users\andrew\PROJECTS\iptv\collections\inputs_for_tivimate\m3u","C:\Users\andrew\PROJECTS\iptv\inputs\m3u_sources","review_from_iptv__C42511BE\pr.m3u","","C:\Users\andrew\PROJECTS\iptv\inputs\m3u_sources\review_from_iptv__C42511BE\pr.m3u","EXTRA_IN_TARGET","","5648"
"C:\Users\andrew\PROJECTS\iptv\collections\inputs_for_tivimate\m3u","C:\Users\andrew\PROJECTS\iptv\inputs\m3u_sources","review_from_iptv__C42511BE\gn.m3u","","C:\Users\andrew\PROJECTS\iptv\inputs\m3u_sources\review_from_iptv__C42511BE\gn.m3u","EXTRA_IN_TARGET","","1597"
"C:\Users\andrew\PROJECTS\iptv\collections\inputs_for_tivimate\m3u","C:\Users\andrew\PROJECTS\iptv\inputs\m3u_sources","review_from_iptv__C42511BE\fj.m3u","","C:\Users\andrew\PROJECTS\iptv\inputs\m3u_sources\review_from_iptv__C42511BE\fj.m3u","EXTRA_IN_TARGET","","141"
"C:\Users\andrew\PROJECTS\iptv\collections\inputs_for_tivimate\m3u","C:\Users\andrew\PROJECTS\iptv\inputs\m3u_sources","review_from_iptv__C42511BE\gf.m3u","","C:\Users\andrew\PROJECTS\iptv\inputs\m3u_sources\review_from_iptv__C42511BE\gf.m3u","EXTRA_IN_TARGET","","122"
"C:\Users\andrew\PROJECTS\iptv\collections\inputs_for_tivimate\m3u","C:\Users\andrew\PROJECTS\iptv\inputs\m3u_sources","review_from_iptv__C42511BE\ch_pluto.m3u","","C:\Users\andrew\PROJECTS\iptv\inputs\m3u_sources\review_from_iptv__C42511BE\ch_pluto.m3u","EXTRA_IN_TARGET","","97511"
"C:\Users\andrew\PROJECTS\iptv\collections\inputs_for_tivimate\m3u","C:\Users\andrew\PROJECTS\iptv\inputs\m3u_sources","review_from_iptv__C42511BE\om.m3u","","C:\Users\andrew\PROJECTS\iptv\inputs\m3u_sources\review_from_iptv__C42511BE\om.m3u","EXTRA_IN_TARGET","","694"
"C:\Users\andrew\PROJECTS\iptv\collections\inputs_for_tivimate\m3u","C:\Users\andrew\PROJECTS\iptv\inputs\m3u_sources","review_from_iptv__C42511BE\mc.m3u","","C:\Users\andrew\PROJECTS\iptv\inputs\m3u_sources\review_from_iptv__C42511BE\mc.m3u","EXTRA_IN_TARGET","","421"
"C:\Users\andrew\PROJECTS\iptv\collections\inputs_for_tivimate\m3u","C:\Users\andrew\PROJECTS\iptv\inputs\m3u_sources","review_from_iptv__C42511BE\gl.m3u","","C:\Users\andrew\PROJECTS\iptv\inputs\m3u_sources\review_from_iptv__C42511BE\gl.m3u","EXTRA_IN_TARGET","","9"
"C:\Users\andrew\PROJECTS\iptv\collections\inputs_for_tivimate\m3u","C:\Users\andrew\PROJECTS\iptv\inputs\m3u_sources","review_from_iptv__C42511BE\af.m3u","","C:\Users\andrew\PROJECTS\iptv\inputs\m3u_sources\review_from_iptv__C42511BE\af.m3u","EXTRA_IN_TARGET","","2679"
"C:\Users\andrew\PROJECTS\iptv\collections\inputs_for_tivimate\m3u","C:\Users\andrew\PROJECTS\iptv\inputs\m3u_sources","review_from_iptv__C42511BE\de.m3u","","C:\Users\andrew\PROJECTS\iptv\inputs\m3u_sources\review_from_iptv__C42511BE\de.m3u","EXTRA_IN_TARGET","","33259"
"C:\Users\andrew\PROJECTS\iptv\collections\inputs_for_tivimate\m3u","C:\Users\andrew\PROJECTS\iptv\inputs\m3u_sources","review_from_iptv__C42511BE\id.m3u","","C:\Users\andrew\PROJECTS\iptv\inputs\m3u_sources\review_from_iptv__C42511BE\id.m3u","EXTRA_IN_TARGET","","23365"
"C:\Users\andrew\PROJECTS\iptv\collections\inputs_for_tivimate\m3u","C:\Users\andrew\PROJECTS\iptv\inputs\m3u_sources","review_from_iptv__C42511BE\dk_samsung.m3u","","C:\Users\andrew\PROJECTS\iptv\inputs\m3u_sources\review_from_iptv__C42511BE\dk_samsung.m3u","EXTRA_IN_TARGET","","1049"
"C:\Users\andrew\PROJECTS\iptv\collections\inputs_for_tivimate\m3u","C:\Users\andrew\PROJECTS\iptv\inputs\m3u_sources","review_from_iptv__C42511BE\nl.m3u","","C:\Users\andrew\PROJECTS\iptv\inputs\m3u_sources\review_from_iptv__C42511BE\nl.m3u","EXTRA_IN_TARGET","","25699"
"C:\Users\andrew\PROJECTS\iptv\collections\inputs_for_tivimate\m3u","C:\Users\andrew\PROJECTS\iptv\inputs\m3u_sources","review_from_iptv__C42511BE\uk_pluto.m3u","","C:\Users\andrew\PROJECTS\iptv\inputs\m3u_sources\review_from_iptv__C42511BE\uk_pluto.m3u","EXTRA_IN_TARGET","","14262"
"C:\Users\andrew\PROJECTS\iptv\collections\inputs_for_tivimate\m3u","C:\Users\andrew\PROJECTS\iptv\inputs\m3u_sources","review_from_iptv__C42511BE\ch_samsung.m3u","","C:\Users\andrew\PROJECTS\iptv\inputs\m3u_sources\review_from_iptv__C42511BE\ch_samsung.m3u","EXTRA_IN_TARGET","","262"
"C:\Users\andrew\PROJECTS\iptv\collections\inputs_for_tivimate\m3u","C:\Users\andrew\PROJECTS\iptv\inputs\m3u_sources","review_from_iptv__C42511BE\cn_112114.m3u","","C:\Users\andrew\PROJECTS\iptv\inputs\m3u_sources\review_from_iptv__C42511BE\cn_112114.m3u","EXTRA_IN_TARGET","","1242"
"C:\Users\andrew\PROJECTS\iptv\collections\inputs_for_tivimate\m3u","C:\Users\andrew\PROJECTS\iptv\inputs\m3u_sources","review_from_iptv__C42511BE\al.m3u","","C:\Users\andrew\PROJECTS\iptv\inputs\m3u_sources\review_from_iptv__C42511BE\al.m3u","EXTRA_IN_TARGET","","2362"
"C:\Users\andrew\PROJECTS\iptv\collections\inputs_for_tivimate\m3u","C:\Users\andrew\PROJECTS\iptv\inputs\m3u_sources","review_from_iptv__C42511BE\us_ssh101.m3u","","C:\Users\andrew\PROJECTS\iptv\inputs\m3u_sources\review_from_iptv__C42511BE\us_ssh101.m3u","EXTRA_IN_TARGET","","482"
"C:\Users\andrew\PROJECTS\iptv\collections\inputs_for_tivimate\m3u","C:\Users\andrew\PROJECTS\iptv\inputs\m3u_sources","review_from_iptv__C42511BE\lc.m3u","","C:\Users\andrew\PROJECTS\iptv\inputs\m3u_sources\review_from_iptv__C42511BE\lc.m3u","EXTRA_IN_TARGET","","156"
"C:\Users\andrew\PROJECTS\iptv\collections\inputs_for_tivimate\m3u","C:\Users\andrew\PROJECTS\iptv\inputs\m3u_sources","review_from_iptv__C42511BE\th_v2h-cdn.m3u","","C:\Users\andrew\PROJECTS\iptv\inputs\m3u_sources\review_from_iptv__C42511BE\th_v2h-cdn.m3u","EXTRA_IN_TARGET","","1367"
"C:\Users\andrew\PROJECTS\iptv\collections\inputs_for_tivimate\m3u","C:\Users\andrew\PROJECTS\iptv\inputs\m3u_sources","review_from_iptv__C42511BE\tj.m3u","","C:\Users\andrew\PROJECTS\iptv\inputs\m3u_sources\review_from_iptv__C42511BE\tj.m3u","EXTRA_IN_TARGET","","1287"
"C:\Users\andrew\PROJECTS\iptv\collections\inputs_for_tivimate\m3u","C:\Users\andrew\PROJECTS\iptv\inputs\m3u_sources","review_from_iptv__C42511BE\cw.m3u","","C:\Users\andrew\PROJECTS\iptv\inputs\m3u_sources\review_from_iptv__C42511BE\cw.m3u","EXTRA_IN_TARGET","","692"
"C:\Users\andrew\PROJECTS\iptv\collections\inputs_for_tivimate\m3u","C:\Users\andrew\PROJECTS\iptv\inputs\m3u_sources","review_from_iptv__C42511BE\fr_fashiontv.m3u","","C:\Users\andrew\PROJECTS\iptv\inputs\m3u_sources\review_from_iptv__C42511BE\fr_fashiontv.m3u","EXTRA_IN_TARGET","","620"
"C:\Users\andrew\PROJECTS\iptv\collections\inputs_for_tivimate\m3u","C:\Users\andrew\PROJECTS\iptv\inputs\m3u_sources","review_from_iptv__C42511BE\mx_amagi.m3u","","C:\Users\andrew\PROJECTS\iptv\inputs\m3u_sources\review_from_iptv__C42511BE\mx_amagi.m3u","EXTRA_IN_TARGET","","338"
"C:\Users\andrew\PROJECTS\iptv\collections\inputs_for_tivimate\m3u","C:\Users\andrew\PROJECTS\iptv\inputs\m3u_sources","review_from_iptv__C42511BE\hn.m3u","","C:\Users\andrew\PROJECTS\iptv\inputs\m3u_sources\review_from_iptv__C42511BE\hn.m3u","EXTRA_IN_TARGET","","9295"
"C:\Users\andrew\PROJECTS\iptv\collections\inputs_for_tivimate\m3u","C:\Users\andrew\PROJECTS\iptv\inputs\m3u_sources","review_from_iptv__C42511BE\uk_sportstribal.m3u","","C:\Users\andrew\PROJECTS\iptv\inputs\m3u_sources\review_from_iptv__C42511BE\uk_sportstribal.m3u","EXTRA_IN_TARGET","","975"
"C:\Users\andrew\PROJECTS\iptv\collections\inputs_for_tivimate\m3u","C:\Users\andrew\PROJECTS\iptv\inputs\m3u_sources","review_from_iptv__C42511BE\pl.m3u","","C:\Users\andrew\PROJECTS\iptv\inputs\m3u_sources\review_from_iptv__C42511BE\pl.m3u","EXTRA_IN_TARGET","","5391"
"C:\Users\andrew\PROJECTS\iptv\collections\inputs_for_tivimate\m3u","C:\Users\andrew\PROJECTS\iptv\inputs\m3u_sources","review_from_iptv__C42511BE\bz.m3u","","C:\Users\andrew\PROJECTS\iptv\inputs\m3u_sources\review_from_iptv__C42511BE\bz.m3u","EXTRA_IN_TARGET","","356"
"C:\Users\andrew\PROJECTS\iptv\collections\inputs_for_tivimate\m3u","C:\Users\andrew\PROJECTS\iptv\inputs\m3u_sources","review_from_iptv__C42511BE\bz_nexgen.m3u","","C:\Users\andrew\PROJECTS\iptv\inputs\m3u_sources\review_from_iptv__C42511BE\bz_nexgen.m3u","EXTRA_IN_TARGET","","775"
"C:\Users\andrew\PROJECTS\iptv\collections\inputs_for_tivimate\m3u","C:\Users\andrew\PROJECTS\iptv\inputs\m3u_sources","review_from_iptv__C42511BE\fr_rakuten.m3u","","C:\Users\andrew\PROJECTS\iptv\inputs\m3u_sources\review_from_iptv__C42511BE\fr_rakuten.m3u","EXTRA_IN_TARGET","","9140"
"C:\Users\andrew\PROJECTS\iptv\collections\inputs_for_tivimate\m3u","C:\Users\andrew\PROJECTS\iptv\inputs\m3u_sources","review_from_iptv__C42511BE\sk.m3u","","C:\Users\andrew\PROJECTS\iptv\inputs\m3u_sources\review_from_iptv__C42511BE\sk.m3u","EXTRA_IN_TARGET","","4976"
"C:\Users\andrew\PROJECTS\iptv\collections\inputs_for_tivimate\m3u","C:\Users\andrew\PROJECTS\iptv\inputs\m3u_sources","review_from_iptv__C42511BE\hk.m3u","","C:\Users\andrew\PROJECTS\iptv\inputs\m3u_sources\review_from_iptv__C42511BE\hk.m3u","EXTRA_IN_TARGET","","2318"
"C:\Users\andrew\PROJECTS\iptv\collections\inputs_for_tivimate\m3u","C:\Users\andrew\PROJECTS\iptv\inputs\m3u_sources","review_from_iptv__C42511BE\fr_samsung.m3u","","C:\Users\andrew\PROJECTS\iptv\inputs\m3u_sources\review_from_iptv__C42511BE\fr_samsung.m3u","EXTRA_IN_TARGET","","1985"
"C:\Users\andrew\PROJECTS\iptv\collections\inputs_for_tivimate\m3u","C:\Users\andrew\PROJECTS\iptv\inputs\m3u_sources","review_from_iptv__C42511BE\sd.m3u","","C:\Users\andrew\PROJECTS\iptv\inputs\m3u_sources\review_from_iptv__C42511BE\sd.m3u","EXTRA_IN_TARGET","","750"
"C:\Users\andrew\PROJECTS\iptv\collections\inputs_for_tivimate\m3u","C:\Users\andrew\PROJECTS\iptv\inputs\m3u_sources","review_from_iptv__C42511BE\mx_multimedios.m3u","","C:\Users\andrew\PROJECTS\iptv\inputs\m3u_sources\review_from_iptv__C42511BE\mx_multimedios.m3u","EXTRA_IN_TARGET","","1389"
"C:\Users\andrew\PROJECTS\iptv\collections\inputs_for_tivimate\m3u","C:\Users\andrew\PROJECTS\iptv\inputs\m3u_sources","review_from_iptv__C42511BE\mx.m3u","","C:\Users\andrew\PROJECTS\iptv\inputs\m3u_sources\review_from_iptv__C42511BE\mx.m3u","EXTRA_IN_TARGET","","27637"
"C:\Users\andrew\PROJECTS\iptv\collections\inputs_for_tivimate\m3u","C:\Users\andrew\PROJECTS\iptv\inputs\m3u_sources","review_from_iptv__C42511BE\am_ucom.m3u","","C:\Users\andrew\PROJECTS\iptv\inputs\m3u_sources\review_from_iptv__C42511BE\am_ucom.m3u","EXTRA_IN_TARGET","","21546"
"C:\Users\andrew\PROJECTS\iptv\collections\inputs_for_tivimate\m3u","C:\Users\andrew\PROJECTS\iptv\inputs\m3u_sources","review_from_iptv__C42511BE\cn.m3u","","C:\Users\andrew\PROJECTS\iptv\inputs\m3u_sources\review_from_iptv__C42511BE\cn.m3u","EXTRA_IN_TARGET","","86064"
"C:\Users\andrew\PROJECTS\iptv\collections\inputs_for_tivimate\m3u","C:\Users\andrew\PROJECTS\iptv\inputs\m3u_sources","review_from_iptv__C42511BE\tr.m3u","","C:\Users\andrew\PROJECTS\iptv\inputs\m3u_sources\review_from_iptv__C42511BE\tr.m3u","EXTRA_IN_TARGET","","33352"
"C:\Users\andrew\PROJECTS\iptv\collections\inputs_for_tivimate\m3u","C:\Users\andrew\PROJECTS\iptv\inputs\m3u_sources","review_from_iptv__C42511BE\ie_samsung.m3u","","C:\Users\andrew\PROJECTS\iptv\inputs\m3u_sources\review_from_iptv__C42511BE\ie_samsung.m3u","EXTRA_IN_TARGET","","782"
"C:\Users\andrew\PROJECTS\iptv\collections\inputs_for_tivimate\m3u","C:\Users\andrew\PROJECTS\iptv\inputs\m3u_sources","review_from_iptv__C42511BE\kn.m3u","","C:\Users\andrew\PROJECTS\iptv\inputs\m3u_sources\review_from_iptv__C42511BE\kn.m3u","EXTRA_IN_TARGET","","120"
"C:\Users\andrew\PROJECTS\iptv\collections\inputs_for_tivimate\m3u","C:\Users\andrew\PROJECTS\iptv\inputs\m3u_sources","review_from_iptv__C42511BE\za.m3u","","C:\Users\andrew\PROJECTS\iptv\inputs\m3u_sources\review_from_iptv__C42511BE\za.m3u","EXTRA_IN_TARGET","","2425"
"C:\Users\andrew\PROJECTS\iptv\collections\inputs_for_tivimate\m3u","C:\Users\andrew\PROJECTS\iptv\inputs\m3u_sources","review_from_iptv__C42511BE\ml.m3u","","C:\Users\andrew\PROJECTS\iptv\inputs\m3u_sources\review_from_iptv__C42511BE\ml.m3u","EXTRA_IN_TARGET","","507"
"C:\Users\andrew\PROJECTS\iptv\collections\inputs_for_tivimate\m3u","C:\Users\andrew\PROJECTS\iptv\inputs\m3u_sources","review_from_iptv__C42511BE\bs.m3u","","C:\Users\andrew\PROJECTS\iptv\inputs\m3u_sources\review_from_iptv__C42511BE\bs.m3u","EXTRA_IN_TARGET","","290"
"C:\Users\andrew\PROJECTS\iptv\collections\inputs_for_tivimate\m3u","C:\Users\andrew\PROJECTS\iptv\inputs\m3u_sources","review_from_iptv__C42511BE\us_klowdtv.m3u","","C:\Users\andrew\PROJECTS\iptv\inputs\m3u_sources\review_from_iptv__C42511BE\us_klowdtv.m3u","EXTRA_IN_TARGET","","8177"
"C:\Users\andrew\PROJECTS\iptv\collections\inputs_for_tivimate\m3u","C:\Users\andrew\PROJECTS\iptv\inputs\m3u_sources","review_from_iptv__C42511BE\iq.m3u","","C:\Users\andrew\PROJECTS\iptv\inputs\m3u_sources\review_from_iptv__C42511BE\iq.m3u","EXTRA_IN_TARGET","","8910"
"C:\Users\andrew\PROJECTS\iptv\collections\inputs_for_tivimate\m3u","C:\Users\andrew\PROJECTS\iptv\inputs\m3u_sources","review_from_iptv__C42511BE\vg.m3u","","C:\Users\andrew\PROJECTS\iptv\inputs\m3u_sources\review_from_iptv__C42511BE\vg.m3u","EXTRA_IN_TARGET","","117"
"C:\Users\andrew\PROJECTS\iptv\collections\inputs_for_tivimate\m3u","C:\Users\andrew\PROJECTS\iptv\inputs\m3u_sources","review_from_iptv__C42511BE\ae.m3u","","C:\Users\andrew\PROJECTS\iptv\inputs\m3u_sources\review_from_iptv__C42511BE\ae.m3u","EXTRA_IN_TARGET","","8866"
"C:\Users\andrew\PROJECTS\iptv\collections\inputs_for_tivimate\m3u","C:\Users\andrew\PROJECTS\iptv\inputs\m3u_sources","review_from_iptv__C42511BE\sk_joj.m3u","","C:\Users\andrew\PROJECTS\iptv\inputs\m3u_sources\review_from_iptv__C42511BE\sk_joj.m3u","EXTRA_IN_TARGET","","1687"
"C:\Users\andrew\PROJECTS\iptv\collections\inputs_for_tivimate\m3u","C:\Users\andrew\PROJECTS\iptv\inputs\m3u_sources","review_from_iptv__C42511BE\mt.m3u","","C:\Users\andrew\PROJECTS\iptv\inputs\m3u_sources\review_from_iptv__C42511BE\mt.m3u","EXTRA_IN_TARGET","","113"
"C:\Users\andrew\PROJECTS\iptv\collections\inputs_for_tivimate\m3u","C:\Users\andrew\PROJECTS\iptv\inputs\m3u_sources","review_from_iptv__C42511BE\ma.m3u","","C:\Users\andrew\PROJECTS\iptv\inputs\m3u_sources\review_from_iptv__C42511BE\ma.m3u","EXTRA_IN_TARGET","","2927"
"C:\Users\andrew\PROJECTS\iptv\collections\inputs_for_tivimate\m3u","C:\Users\andrew\PROJECTS\iptv\inputs\m3u_sources","review_from_iptv__C42511BE\uz_cinerama.m3u","","C:\Users\andrew\PROJECTS\iptv\inputs\m3u_sources\review_from_iptv__C42511BE\uz_cinerama.m3u","EXTRA_IN_TARGET","","437"
"C:\Users\andrew\PROJECTS\iptv\collections\inputs_for_tivimate\m3u","C:\Users\andrew\PROJECTS\iptv\inputs\m3u_sources","review_from_iptv__C42511BE\ua.m3u","","C:\Users\andrew\PROJECTS\iptv\inputs\m3u_sources\review_from_iptv__C42511BE\ua.m3u","EXTRA_IN_TARGET","","10507"
"C:\Users\andrew\PROJECTS\iptv\collections\inputs_for_tivimate\m3u","C:\Users\andrew\PROJECTS\iptv\inputs\m3u_sources","review_from_iptv__C42511BE\fr_groupem6.m3u","","C:\Users\andrew\PROJECTS\iptv\inputs\m3u_sources\review_from_iptv__C42511BE\fr_groupem6.m3u","EXTRA_IN_TARGET","","149"
"C:\Users\andrew\PROJECTS\iptv\collections\inputs_for_tivimate\m3u","C:\Users\andrew\PROJECTS\iptv\inputs\m3u_sources","review_from_iptv__C42511BE\us_fubo.m3u","","C:\Users\andrew\PROJECTS\iptv\inputs\m3u_sources\review_from_iptv__C42511BE\us_fubo.m3u","EXTRA_IN_TARGET","","151"
"C:\Users\andrew\PROJECTS\iptv\collections\inputs_for_tivimate\m3u","C:\Users\andrew\PROJECTS\iptv\inputs\m3u_sources","review_from_iptv__C42511BE\lk.m3u","","C:\Users\andrew\PROJECTS\iptv\inputs\m3u_sources\review_from_iptv__C42511BE\lk.m3u","EXTRA_IN_TARGET","","1075"
"C:\Users\andrew\PROJECTS\iptv\collections\inputs_for_tivimate\m3u","C:\Users\andrew\PROJECTS\iptv\inputs\m3u_sources","review_from_iptv__C42511BE\us.m3u","","C:\Users\andrew\PROJECTS\iptv\inputs\m3u_sources\review_from_iptv__C42511BE\us.m3u","EXTRA_IN_TARGET","","66812"
"C:\Users\andrew\PROJECTS\iptv\collections\inputs_for_tivimate\m3u","C:\Users\andrew\PROJECTS\iptv\inputs\m3u_sources","review_from_iptv__C42511BE\uk.m3u","","C:\Users\andrew\PROJECTS\iptv\inputs\m3u_sources\review_from_iptv__C42511BE\uk.m3u","EXTRA_IN_TARGET","","12593"
"C:\Users\andrew\PROJECTS\iptv\collections\inputs_for_tivimate\m3u","C:\Users\andrew\PROJECTS\iptv\inputs\m3u_sources","review_from_iptv__C42511BE\lv.m3u","","C:\Users\andrew\PROJECTS\iptv\inputs\m3u_sources\review_from_iptv__C42511BE\lv.m3u","EXTRA_IN_TARGET","","2180"
"C:\Users\andrew\PROJECTS\iptv\collections\inputs_for_tivimate\m3u","C:\Users\andrew\PROJECTS\iptv\inputs\m3u_sources","review_from_iptv__C42511BE\mx_pluto.m3u","","C:\Users\andrew\PROJECTS\iptv\inputs\m3u_sources\review_from_iptv__C42511BE\mx_pluto.m3u","EXTRA_IN_TARGET","","47504"
"C:\Users\andrew\PROJECTS\iptv\collections\inputs_for_tivimate\m3u","C:\Users\andrew\PROJECTS\iptv\inputs\m3u_sources","review_from_iptv__C42511BE\kp.m3u","","C:\Users\andrew\PROJECTS\iptv\inputs\m3u_sources\review_from_iptv__C42511BE\kp.m3u","EXTRA_IN_TARGET","","413"
"C:\Users\andrew\PROJECTS\iptv\collections\inputs_for_tivimate\m3u","C:\Users\andrew\PROJECTS\iptv\inputs\m3u_sources","review_from_iptv__C42511BE\at_samsung.m3u","","C:\Users\andrew\PROJECTS\iptv\inputs\m3u_sources\review_from_iptv__C42511BE\at_samsung.m3u","EXTRA_IN_TARGET","","1044"
"C:\Users\andrew\PROJECTS\iptv\collections\inputs_for_tivimate\m3u","C:\Users\andrew\PROJECTS\iptv\inputs\m3u_sources","review_from_iptv__C42511BE\ir_aionet.m3u","","C:\Users\andrew\PROJECTS\iptv\inputs\m3u_sources\review_from_iptv__C42511BE\ir_aionet.m3u","EXTRA_IN_TARGET","","1868"
"C:\Users\andrew\PROJECTS\iptv\collections\inputs_for_tivimate\m3u","C:\Users\andrew\PROJECTS\iptv\inputs\m3u_sources","review_from_iptv__C42511BE\es_samsung.m3u","","C:\Users\andrew\PROJECTS\iptv\inputs\m3u_sources\review_from_iptv__C42511BE\es_samsung.m3u","EXTRA_IN_TARGET","","1865"
"C:\Users\andrew\PROJECTS\iptv\collections\inputs_for_tivimate\m3u","C:\Users\andrew\PROJECTS\iptv\inputs\m3u_sources","review_from_iptv__C42511BE\tt.m3u","","C:\Users\andrew\PROJECTS\iptv\inputs\m3u_sources\review_from_iptv__C42511BE\tt.m3u","EXTRA_IN_TARGET","","435"
"C:\Users\andrew\PROJECTS\iptv\collections\inputs_for_tivimate\m3u","C:\Users\andrew\PROJECTS\iptv\inputs\m3u_sources","review_from_iptv__C42511BE\fr.m3u","","C:\Users\andrew\PROJECTS\iptv\inputs\m3u_sources\review_from_iptv__C42511BE\fr.m3u","EXTRA_IN_TARGET","","13103"
"C:\Users\andrew\PROJECTS\iptv\collections\inputs_for_tivimate\m3u","C:\Users\andrew\PROJECTS\iptv\inputs\m3u_sources","review_from_iptv__C42511BE\pt.m3u","","C:\Users\andrew\PROJECTS\iptv\inputs\m3u_sources\review_from_iptv__C42511BE\pt.m3u","EXTRA_IN_TARGET","","8402"
"C:\Users\andrew\PROJECTS\iptv\collections\inputs_for_tivimate\m3u","C:\Users\andrew\PROJECTS\iptv\inputs\m3u_sources","review_from_iptv__C42511BE\us_amagi.m3u","","C:\Users\andrew\PROJECTS\iptv\inputs\m3u_sources\review_from_iptv__C42511BE\us_amagi.m3u","EXTRA_IN_TARGET","","222"
"C:\Users\andrew\PROJECTS\iptv\collections\inputs_for_tivimate\m3u","C:\Users\andrew\PROJECTS\iptv\inputs\m3u_sources","review_from_iptv__C42511BE\pe_opencaster.m3u","","C:\Users\andrew\PROJECTS\iptv\inputs\m3u_sources\review_from_iptv__C42511BE\pe_opencaster.m3u","EXTRA_IN_TARGET","","9"
"C:\Users\andrew\PROJECTS\iptv\collections\inputs_for_tivimate\m3u","C:\Users\andrew\PROJECTS\iptv\inputs\m3u_sources","review_from_iptv__C42511BE\et.m3u","","C:\Users\andrew\PROJECTS\iptv\inputs\m3u_sources\review_from_iptv__C42511BE\et.m3u","EXTRA_IN_TARGET","","720"
"C:\Users\andrew\PROJECTS\iptv\collections\inputs_for_tivimate\m3u","C:\Users\andrew\PROJECTS\iptv\inputs\m3u_sources","review_from_iptv__C42511BE\tg.m3u","","C:\Users\andrew\PROJECTS\iptv\inputs\m3u_sources\review_from_iptv__C42511BE\tg.m3u","EXTRA_IN_TARGET","","1415"
"C:\Users\andrew\PROJECTS\iptv\collections\inputs_for_tivimate\m3u","C:\Users\andrew\PROJECTS\iptv\inputs\m3u_sources","review_from_iptv__C42511BE\am_vnet.m3u","","C:\Users\andrew\PROJECTS\iptv\inputs\m3u_sources\review_from_iptv__C42511BE\am_vnet.m3u","EXTRA_IN_TARGET","","2214"
"C:\Users\andrew\PROJECTS\iptv\collections\inputs_for_tivimate\m3u","C:\Users\andrew\PROJECTS\iptv\inputs\m3u_sources","review_from_iptv__C42511BE\be.m3u","","C:\Users\andrew\PROJECTS\iptv\inputs\m3u_sources\review_from_iptv__C42511BE\be.m3u","EXTRA_IN_TARGET","","6947"
"C:\Users\andrew\PROJECTS\iptv\collections\inputs_for_tivimate\m3u","C:\Users\andrew\PROJECTS\iptv\inputs\m3u_sources","review_from_iptv__C42511BE\ir_wnslive.m3u","","C:\Users\andrew\PROJECTS\iptv\inputs\m3u_sources\review_from_iptv__C42511BE\ir_wnslive.m3u","EXTRA_IN_TARGET","","954"
"C:\Users\andrew\PROJECTS\iptv\collections\inputs_for_tivimate\m3u","C:\Users\andrew\PROJECTS\iptv\inputs\m3u_sources","review_from_iptv__C42511BE\ug.m3u","","C:\Users\andrew\PROJECTS\iptv\inputs\m3u_sources\review_from_iptv__C42511BE\ug.m3u","EXTRA_IN_TARGET","","5126"
"C:\Users\andrew\PROJECTS\iptv\collections\inputs_for_tivimate\m3u","C:\Users\andrew\PROJECTS\iptv\inputs\m3u_sources","review_from_iptv__C42511BE\cy.m3u","","C:\Users\andrew\PROJECTS\iptv\inputs\m3u_sources\review_from_iptv__C42511BE\cy.m3u","EXTRA_IN_TARGET","","3401"
"C:\Users\andrew\PROJECTS\iptv\collections\inputs_for_tivimate\m3u","C:\Users\andrew\PROJECTS\iptv\inputs\m3u_sources","review_from_iptv__C42511BE\ch.m3u","","C:\Users\andrew\PROJECTS\iptv\inputs\m3u_sources\review_from_iptv__C42511BE\ch.m3u","EXTRA_IN_TARGET","","5336"
"C:\Users\andrew\PROJECTS\iptv\collections\inputs_for_tivimate\m3u","C:\Users\andrew\PROJECTS\iptv\inputs\m3u_sources","review_from_iptv__C42511BE\si.m3u","","C:\Users\andrew\PROJECTS\iptv\inputs\m3u_sources\review_from_iptv__C42511BE\si.m3u","EXTRA_IN_TARGET","","1090"
"C:\Users\andrew\PROJECTS\iptv\collections\inputs_for_tivimate\m3u","C:\Users\andrew\PROJECTS\iptv\inputs\m3u_sources","review_from_iptv__C42511BE\ne.m3u","","C:\Users\andrew\PROJECTS\iptv\inputs\m3u_sources\review_from_iptv__C42511BE\ne.m3u","EXTRA_IN_TARGET","","222"
"C:\Users\andrew\PROJECTS\iptv\collections\inputs_for_tivimate\m3u","C:\Users\andrew\PROJECTS\iptv\inputs\m3u_sources","review_from_iptv__C42511BE\ee.m3u","","C:\Users\andrew\PROJECTS\iptv\inputs\m3u_sources\review_from_iptv__C42511BE\ee.m3u","EXTRA_IN_TARGET","","1308"
"C:\Users\andrew\PROJECTS\iptv\collections\inputs_for_tivimate\m3u","C:\Users\andrew\PROJECTS\iptv\inputs\m3u_sources","review_from_iptv__C42511BE\at.m3u","","C:\Users\andrew\PROJECTS\iptv\inputs\m3u_sources\review_from_iptv__C42511BE\at.m3u","EXTRA_IN_TARGET","","3971"
"C:\Users\andrew\PROJECTS\iptv\collections\inputs_for_tivimate\m3u","C:\Users\andrew\PROJECTS\iptv\inputs\m3u_sources","review_from_iptv__C42511BE\zm.m3u","","C:\Users\andrew\PROJECTS\iptv\inputs\m3u_sources\review_from_iptv__C42511BE\zm.m3u","EXTRA_IN_TARGET","","182"
"C:\Users\andrew\PROJECTS\iptv\collections\inputs_for_tivimate\m3u","C:\Users\andrew\PROJECTS\iptv\inputs\m3u_sources","review_from_iptv__C42511BE\ph.m3u","","C:\Users\andrew\PROJECTS\iptv\inputs\m3u_sources\review_from_iptv__C42511BE\ph.m3u","EXTRA_IN_TARGET","","2015"
"C:\Users\andrew\PROJECTS\iptv\collections\inputs_for_tivimate\m3u","C:\Users\andrew\PROJECTS\iptv\inputs\m3u_sources","review_from_iptv__C42511BE\ba_morescreens.m3u","","C:\Users\andrew\PROJECTS\iptv\inputs\m3u_sources\review_from_iptv__C42511BE\ba_morescreens.m3u","EXTRA_IN_TARGET","","1337"
"C:\Users\andrew\PROJECTS\iptv\collections\inputs_for_tivimate\m3u","C:\Users\andrew\PROJECTS\iptv\inputs\m3u_sources","review_from_iptv__C42511BE\br_pluto.m3u","","C:\Users\andrew\PROJECTS\iptv\inputs\m3u_sources\review_from_iptv__C42511BE\br_pluto.m3u","EXTRA_IN_TARGET","","7708"
"C:\Users\andrew\PROJECTS\iptv\collections\inputs_for_tivimate\m3u","C:\Users\andrew\PROJECTS\iptv\inputs\m3u_sources","review_from_iptv__C42511BE\fi.m3u","","C:\Users\andrew\PROJECTS\iptv\inputs\m3u_sources\review_from_iptv__C42511BE\fi.m3u","EXTRA_IN_TARGET","","3796"
"C:\Users\andrew\PROJECTS\iptv\collections\inputs_for_tivimate\m3u","C:\Users\andrew\PROJECTS\iptv\inputs\m3u_sources","review_from_iptv__C42511BE\us_stirr.m3u","","C:\Users\andrew\PROJECTS\iptv\inputs\m3u_sources\review_from_iptv__C42511BE\us_stirr.m3u","EXTRA_IN_TARGET","","12515"
"C:\Users\andrew\PROJECTS\iptv\collections\inputs_for_tivimate\m3u","C:\Users\andrew\PROJECTS\iptv\inputs\m3u_sources","review_from_iptv__C42511BE\vn.m3u","","C:\Users\andrew\PROJECTS\iptv\inputs\m3u_sources\review_from_iptv__C42511BE\vn.m3u","EXTRA_IN_TARGET","","8054"
"C:\Users\andrew\PROJECTS\iptv\collections\inputs_for_tivimate\m3u","C:\Users\andrew\PROJECTS\iptv\inputs\m3u_sources","review_from_iptv__C42511BE\na.m3u","","C:\Users\andrew\PROJECTS\iptv\inputs\m3u_sources\review_from_iptv__C42511BE\na.m3u","EXTRA_IN_TARGET","","105"
"C:\Users\andrew\PROJECTS\iptv\collections\inputs_for_tivimate\m3u","C:\Users\andrew\PROJECTS\iptv\inputs\m3u_sources","review_from_iptv__C42511BE\ga.m3u","","C:\Users\andrew\PROJECTS\iptv\inputs\m3u_sources\review_from_iptv__C42511BE\ga.m3u","EXTRA_IN_TARGET","","567"
"C:\Users\andrew\PROJECTS\iptv\collections\inputs_for_tivimate\m3u","C:\Users\andrew\PROJECTS\iptv\inputs\m3u_sources","review_from_iptv__C42511BE\de_rakuten.m3u","","C:\Users\andrew\PROJECTS\iptv\inputs\m3u_sources\review_from_iptv__C42511BE\de_rakuten.m3u","EXTRA_IN_TARGET","","1032"
"C:\Users\andrew\PROJECTS\iptv\collections\inputs_for_tivimate\m3u","C:\Users\andrew\PROJECTS\iptv\inputs\m3u_sources","review_from_iptv__C42511BE\aw.m3u","","C:\Users\andrew\PROJECTS\iptv\inputs\m3u_sources\review_from_iptv__C42511BE\aw.m3u","EXTRA_IN_TARGET","","1451"
"C:\Users\andrew\PROJECTS\iptv\collections\inputs_for_tivimate\m3u","C:\Users\andrew\PROJECTS\iptv\inputs\m3u_sources","review_from_iptv__C42511BE\cn_yeslivetv.m3u","","C:\Users\andrew\PROJECTS\iptv\inputs\m3u_sources\review_from_iptv__C42511BE\cn_yeslivetv.m3u","EXTRA_IN_TARGET","","1559"
"C:\Users\andrew\PROJECTS\iptv\collections\inputs_for_tivimate\m3u","C:\Users\andrew\PROJECTS\iptv\inputs\m3u_sources","review_from_iptv__C42511BE\am.m3u","","C:\Users\andrew\PROJECTS\iptv\inputs\m3u_sources\review_from_iptv__C42511BE\am.m3u","EXTRA_IN_TARGET","","592"
"C:\Users\andrew\PROJECTS\iptv\collections\inputs_for_tivimate\m3u","C:\Users\andrew\PROJECTS\iptv\inputs\m3u_sources","review_from_iptv__C42511BE\mk.m3u","","C:\Users\andrew\PROJECTS\iptv\inputs\m3u_sources\review_from_iptv__C42511BE\mk.m3u","EXTRA_IN_TARGET","","4404"
"C:\Users\andrew\PROJECTS\iptv\collections\inputs_for_tivimate\m3u","C:\Users\andrew\PROJECTS\iptv\inputs\m3u_sources","review_from_iptv__C42511BE\gh.m3u","","C:\Users\andrew\PROJECTS\iptv\inputs\m3u_sources\review_from_iptv__C42511BE\gh.m3u","EXTRA_IN_TARGET","","2334"
"C:\Users\andrew\PROJECTS\iptv\collections\inputs_for_tivimate\m3u","C:\Users\andrew\PROJECTS\iptv\inputs\m3u_sources","review_from_iptv__C42511BE\qa.m3u","","C:\Users\andrew\PROJECTS\iptv\inputs\m3u_sources\review_from_iptv__C42511BE\qa.m3u","EXTRA_IN_TARGET","","2158"
"C:\Users\andrew\PROJECTS\iptv\collections\inputs_for_tivimate\m3u","C:\Users\andrew\PROJECTS\iptv\inputs\m3u_sources","review_from_iptv__C42511BE\np.m3u","","C:\Users\andrew\PROJECTS\iptv\inputs\m3u_sources\review_from_iptv__C42511BE\np.m3u","EXTRA_IN_TARGET","","1388"
"C:\Users\andrew\PROJECTS\iptv\collections\inputs_for_tivimate\m3u","C:\Users\andrew\PROJECTS\iptv\inputs\m3u_sources","review_from_iptv__C42511BE\ar.m3u","","C:\Users\andrew\PROJECTS\iptv\inputs\m3u_sources\review_from_iptv__C42511BE\ar.m3u","EXTRA_IN_TARGET","","34915"
"C:\Users\andrew\PROJECTS\iptv\collections\inputs_for_tivimate\m3u","C:\Users\andrew\PROJECTS\iptv\inputs\m3u_sources","review_from_iptv__C42511BE\is.m3u","","C:\Users\andrew\PROJECTS\iptv\inputs\m3u_sources\review_from_iptv__C42511BE\is.m3u","EXTRA_IN_TARGET","","626"
"C:\Users\andrew\PROJECTS\iptv\collections\inputs_for_tivimate\m3u","C:\Users\andrew\PROJECTS\iptv\inputs\m3u_sources","review_from_iptv__C42511BE\fi_samsung.m3u","","C:\Users\andrew\PROJECTS\iptv\inputs\m3u_sources\review_from_iptv__C42511BE\fi_samsung.m3u","EXTRA_IN_TARGET","","698"
"C:\Users\andrew\PROJECTS\iptv\collections\inputs_for_tivimate\m3u","C:\Users\andrew\PROJECTS\iptv\inputs\m3u_sources","review_from_iptv__C42511BE\dm.m3u","","C:\Users\andrew\PROJECTS\iptv\inputs\m3u_sources\review_from_iptv__C42511BE\dm.m3u","EXTRA_IN_TARGET","","128"
"C:\Users\andrew\PROJECTS\iptv\collections\inputs_for_tivimate\m3u","C:\Users\andrew\PROJECTS\iptv\inputs\m3u_sources","review_from_iptv__C42511BE\sn.m3u","","C:\Users\andrew\PROJECTS\iptv\inputs\m3u_sources\review_from_iptv__C42511BE\sn.m3u","EXTRA_IN_TARGET","","3541"
"C:\Users\andrew\PROJECTS\iptv\collections\inputs_for_tivimate\m3u","C:\Users\andrew\PROJECTS\iptv\inputs\m3u_sources","review_from_iptv__C42511BE\us_cineversetv.m3u","","C:\Users\andrew\PROJECTS\iptv\inputs\m3u_sources\review_from_iptv__C42511BE\us_cineversetv.m3u","EXTRA_IN_TARGET","","5901"
"C:\Users\andrew\PROJECTS\iptv\collections\inputs_for_tivimate\m3u","C:\Users\andrew\PROJECTS\iptv\inputs\m3u_sources","review_from_iptv__C42511BE\gq.m3u","","C:\Users\andrew\PROJECTS\iptv\inputs\m3u_sources\review_from_iptv__C42511BE\gq.m3u","EXTRA_IN_TARGET","","369"
"C:\Users\andrew\PROJECTS\iptv\collections\inputs_for_tivimate\m3u","C:\Users\andrew\PROJECTS\iptv\inputs\m3u_sources","review_from_iptv__C42511BE\sl.m3u","","C:\Users\andrew\PROJECTS\iptv\inputs\m3u_sources\review_from_iptv__C42511BE\sl.m3u","EXTRA_IN_TARGET","","289"
"C:\Users\andrew\PROJECTS\iptv\collections\inputs_for_tivimate\m3u","C:\Users\andrew\PROJECTS\iptv\inputs\m3u_sources","review_from_iptv__C42511BE\bn.m3u","","C:\Users\andrew\PROJECTS\iptv\inputs\m3u_sources\review_from_iptv__C42511BE\bn.m3u","EXTRA_IN_TARGET","","355"
"C:\Users\andrew\PROJECTS\iptv\collections\inputs_for_tivimate\m3u","C:\Users\andrew\PROJECTS\iptv\inputs\m3u_sources","review_from_iptv__C42511BE\hr.m3u","","C:\Users\andrew\PROJECTS\iptv\inputs\m3u_sources\review_from_iptv__C42511BE\hr.m3u","EXTRA_IN_TARGET","","2617"
"C:\Users\andrew\PROJECTS\iptv\collections\inputs_for_tivimate\m3u","C:\Users\andrew\PROJECTS\iptv\inputs\m3u_sources","review_from_iptv__C42511BE\cv.m3u","","C:\Users\andrew\PROJECTS\iptv\inputs\m3u_sources\review_from_iptv__C42511BE\cv.m3u","EXTRA_IN_TARGET","","492"
"C:\Users\andrew\PROJECTS\iptv\collections\inputs_for_tivimate\m3u","C:\Users\andrew\PROJECTS\iptv\inputs\m3u_sources","review_from_iptv__C42511BE\ru_smotrim.m3u","","C:\Users\andrew\PROJECTS\iptv\inputs\m3u_sources\review_from_iptv__C42511BE\ru_smotrim.m3u","EXTRA_IN_TARGET","","3796"
"C:\Users\andrew\PROJECTS\iptv\collections\inputs_for_tivimate\m3u","C:\Users\andrew\PROJECTS\iptv\inputs\m3u_sources","review_from_iptv__C42511BE\kh.m3u","","C:\Users\andrew\PROJECTS\iptv\inputs\m3u_sources\review_from_iptv__C42511BE\kh.m3u","EXTRA_IN_TARGET","","2021"
"C:\Users\andrew\PROJECTS\iptv\collections\inputs_for_tivimate\m3u","C:\Users\andrew\PROJECTS\iptv\inputs\m3u_sources","review_from_iptv__C42511BE\ca_stingray.m3u","","C:\Users\andrew\PROJECTS\iptv\inputs\m3u_sources\review_from_iptv__C42511BE\ca_stingray.m3u","EXTRA_IN_TARGET","","3723"
"C:\Users\andrew\PROJECTS\iptv\collections\inputs_for_tivimate\m3u","C:\Users\andrew\PROJECTS\iptv\inputs\m3u_sources","review_from_iptv__C42511BE\ly.m3u","","C:\Users\andrew\PROJECTS\iptv\inputs\m3u_sources\review_from_iptv__C42511BE\ly.m3u","EXTRA_IN_TARGET","","1501"
"C:\Users\andrew\PROJECTS\iptv\collections\inputs_for_tivimate\m3u","C:\Users\andrew\PROJECTS\iptv\inputs\m3u_sources","review_from_iptv__C42511BE\dj.m3u","","C:\Users\andrew\PROJECTS\iptv\inputs\m3u_sources\review_from_iptv__C42511BE\dj.m3u","EXTRA_IN_TARGET","","9"
"C:\Users\andrew\PROJECTS\iptv\collections\inputs_for_tivimate\m3u","C:\Users\andrew\PROJECTS\iptv\inputs\m3u_sources","review_from_iptv__C42511BE\ca_samsung.m3u","","C:\Users\andrew\PROJECTS\iptv\inputs\m3u_sources\review_from_iptv__C42511BE\ca_samsung.m3u","EXTRA_IN_TARGET","","2126"
"C:\Users\andrew\PROJECTS\iptv\collections\inputs_for_tivimate\m3u","C:\Users\andrew\PROJECTS\iptv\inputs\m3u_sources","review_from_iptv__C42511BE\ru_televizor-24.m3u","","C:\Users\andrew\PROJECTS\iptv\inputs\m3u_sources\review_from_iptv__C42511BE\ru_televizor-24.m3u","EXTRA_IN_TARGET","","3113"
"C:\Users\andrew\PROJECTS\iptv\collections\inputs_for_tivimate\m3u","C:\Users\andrew\PROJECTS\iptv\inputs\m3u_sources","review_from_iptv__C42511BE\tl.m3u","","C:\Users\andrew\PROJECTS\iptv\inputs\m3u_sources\review_from_iptv__C42511BE\tl.m3u","EXTRA_IN_TARGET","","9"
"C:\Users\andrew\PROJECTS\iptv\collections\inputs_for_tivimate\m3u","C:\Users\andrew\PROJECTS\iptv\inputs\m3u_sources","review_from_iptv__C42511BE\br_samsung.m3u","","C:\Users\andrew\PROJECTS\iptv\inputs\m3u_sources\review_from_iptv__C42511BE\br_samsung.m3u","EXTRA_IN_TARGET","","413"
"C:\Users\andrew\PROJECTS\iptv\collections\inputs_for_tivimate\m3u","C:\Users\andrew\PROJECTS\iptv\inputs\m3u_sources","review_from_iptv__C42511BE\us_canelatv.m3u","","C:\Users\andrew\PROJECTS\iptv\inputs\m3u_sources\review_from_iptv__C42511BE\us_canelatv.m3u","EXTRA_IN_TARGET","","3083"
"C:\Users\andrew\PROJECTS\iptv\collections\inputs_for_tivimate\m3u","C:\Users\andrew\PROJECTS\iptv\inputs\m3u_sources","review_from_iptv__C42511BE\cm.m3u","","C:\Users\andrew\PROJECTS\iptv\inputs\m3u_sources\review_from_iptv__C42511BE\cm.m3u","EXTRA_IN_TARGET","","4476"
"C:\Users\andrew\PROJECTS\iptv\collections\inputs_for_tivimate\m3u","C:\Users\andrew\PROJECTS\iptv\inputs\m3u_sources","review_from_iptv__C42511BE\uk_rakuten.m3u","","C:\Users\andrew\PROJECTS\iptv\inputs\m3u_sources\review_from_iptv__C42511BE\uk_rakuten.m3u","EXTRA_IN_TARGET","","1250"
"C:\Users\andrew\PROJECTS\iptv\collections\inputs_for_tivimate\m3u","C:\Users\andrew\PROJECTS\iptv\inputs\m3u_sources","review_from_iptv__C42511BE\de_pluto.m3u","","C:\Users\andrew\PROJECTS\iptv\inputs\m3u_sources\review_from_iptv__C42511BE\de_pluto.m3u","EXTRA_IN_TARGET","","98598"
"C:\Users\andrew\PROJECTS\iptv\collections\inputs_for_tivimate\m3u","C:\Users\andrew\PROJECTS\iptv\inputs\m3u_sources","review_from_iptv__C42511BE\ye.m3u","","C:\Users\andrew\PROJECTS\iptv\inputs\m3u_sources\review_from_iptv__C42511BE\ye.m3u","EXTRA_IN_TARGET","","1114"
"C:\Users\andrew\PROJECTS\iptv\collections\inputs_for_tivimate\m3u","C:\Users\andrew\PROJECTS\iptv\inputs\m3u_sources","review_from_iptv__C42511BE\mg.m3u","","C:\Users\andrew\PROJECTS\iptv\inputs\m3u_sources\review_from_iptv__C42511BE\mg.m3u","EXTRA_IN_TARGET","","9"
"C:\Users\andrew\PROJECTS\iptv\collections\inputs_for_tivimate\m3u","C:\Users\andrew\PROJECTS\iptv\inputs\m3u_sources","review_from_iptv__C42511BE\uk_bbc.m3u","","C:\Users\andrew\PROJECTS\iptv\inputs\m3u_sources\review_from_iptv__C42511BE\uk_bbc.m3u","EXTRA_IN_TARGET","","19443"
"C:\Users\andrew\PROJECTS\iptv\collections\inputs_for_tivimate\m3u","C:\Users\andrew\PROJECTS\iptv\inputs\m3u_sources","review_from_iptv__C42511BE\mr.m3u","","C:\Users\andrew\PROJECTS\iptv\inputs\m3u_sources\review_from_iptv__C42511BE\mr.m3u","EXTRA_IN_TARGET","","9"
"C:\Users\andrew\PROJECTS\iptv\collections\inputs_for_tivimate\m3u","C:\Users\andrew\PROJECTS\iptv\inputs\m3u_sources","review_from_iptv__C42511BE\gp.m3u","","C:\Users\andrew\PROJECTS\iptv\inputs\m3u_sources\review_from_iptv__C42511BE\gp.m3u","EXTRA_IN_TARGET","","699"
"C:\Users\andrew\PROJECTS\iptv\collections\inputs_for_tivimate\m3u","C:\Users\andrew\PROJECTS\iptv\inputs\m3u_sources","review_from_iptv__C42511BE\de_samsung.m3u","","C:\Users\andrew\PROJECTS\iptv\inputs\m3u_sources\review_from_iptv__C42511BE\de_samsung.m3u","EXTRA_IN_TARGET","","515"
"C:\Users\andrew\PROJECTS\iptv\collections\inputs_for_tivimate\m3u","C:\Users\andrew\PROJECTS\iptv\inputs\m3u_sources","review_from_iptv__C42511BE\nz.m3u","","C:\Users\andrew\PROJECTS\iptv\inputs\m3u_sources\review_from_iptv__C42511BE\nz.m3u","EXTRA_IN_TARGET","","2184"
"C:\Users\andrew\PROJECTS\iptv\collections\inputs_for_tivimate\m3u","C:\Users\andrew\PROJECTS\iptv\inputs\m3u_sources","review_from_iptv__C42511BE\ps.m3u","","C:\Users\andrew\PROJECTS\iptv\inputs\m3u_sources\review_from_iptv__C42511BE\ps.m3u","EXTRA_IN_TARGET","","3940"
"C:\Users\andrew\PROJECTS\iptv\collections\inputs_for_tivimate\m3u","C:\Users\andrew\PROJECTS\iptv\inputs\m3u_sources","review_from_iptv__C42511BE\cg.m3u","","C:\Users\andrew\PROJECTS\iptv\inputs\m3u_sources\review_from_iptv__C42511BE\cg.m3u","EXTRA_IN_TARGET","","1004"
"C:\Users\andrew\PROJECTS\iptv\collections\inputs_for_tivimate\m3u","C:\Users\andrew\PROJECTS\iptv\inputs\m3u_sources","review_from_iptv__C42511BE\us_ythls.m3u","","C:\Users\andrew\PROJECTS\iptv\inputs\m3u_sources\review_from_iptv__C42511BE\us_ythls.m3u","EXTRA_IN_TARGET","","101219"
"C:\Users\andrew\PROJECTS\iptv\collections\inputs_for_tivimate\m3u","C:\Users\andrew\PROJECTS\iptv\inputs\m3u_sources","review_from_iptv__C42511BE\sx.m3u","","C:\Users\andrew\PROJECTS\iptv\inputs\m3u_sources\review_from_iptv__C42511BE\sx.m3u","EXTRA_IN_TARGET","","588"
"C:\Users\andrew\PROJECTS\iptv\collections\inputs_for_tivimate\m3u","C:\Users\andrew\PROJECTS\iptv\inputs\m3u_sources","review_from_iptv__C42511BE\tw.m3u","","C:\Users\andrew\PROJECTS\iptv\inputs\m3u_sources\review_from_iptv__C42511BE\tw.m3u","EXTRA_IN_TARGET","","7979"
"C:\Users\andrew\PROJECTS\iptv\collections\inputs_for_tivimate\m3u","C:\Users\andrew\PROJECTS\iptv\inputs\m3u_sources","review_from_iptv__C42511BE\us_local.m3u","","C:\Users\andrew\PROJECTS\iptv\inputs\m3u_sources\review_from_iptv__C42511BE\us_local.m3u","EXTRA_IN_TARGET","","53653"
"C:\Users\andrew\PROJECTS\iptv\collections\inputs_for_tivimate\m3u","C:\Users\andrew\PROJECTS\iptv\inputs\m3u_sources","review_from_iptv__C42511BE\ni.m3u","","C:\Users\andrew\PROJECTS\iptv\inputs\m3u_sources\review_from_iptv__C42511BE\ni.m3u","EXTRA_IN_TARGET","","2611"
"C:\Users\andrew\PROJECTS\iptv\collections\inputs_for_tivimate\m3u","C:\Users\andrew\PROJECTS\iptv\inputs\m3u_sources","review_from_iptv__C42511BE\eh.m3u","","C:\Users\andrew\PROJECTS\iptv\inputs\m3u_sources\review_from_iptv__C42511BE\eh.m3u","EXTRA_IN_TARGET","","115"
"C:\Users\andrew\PROJECTS\iptv\collections\inputs_for_tivimate\m3u","C:\Users\andrew\PROJECTS\iptv\inputs\m3u_sources","review_from_iptv__C42511BE\co.m3u","","C:\Users\andrew\PROJECTS\iptv\inputs\m3u_sources\review_from_iptv__C42511BE\co.m3u","EXTRA_IN_TARGET","","20775"
"C:\Users\andrew\PROJECTS\iptv\collections\inputs_for_tivimate\m3u","C:\Users\andrew\PROJECTS\iptv\inputs\m3u_sources","review_from_iptv__C42511BE\bd.m3u","","C:\Users\andrew\PROJECTS\iptv\inputs\m3u_sources\review_from_iptv__C42511BE\bd.m3u","EXTRA_IN_TARGET","","624"
"C:\Users\andrew\PROJECTS\iptv\collections\inputs_for_tivimate\m3u","C:\Users\andrew\PROJECTS\iptv\inputs\m3u_sources","review_from_iptv__C42511BE\mz.m3u","","C:\Users\andrew\PROJECTS\iptv\inputs\m3u_sources\review_from_iptv__C42511BE\mz.m3u","EXTRA_IN_TARGET","","631"
"C:\Users\andrew\PROJECTS\iptv\collections\inputs_for_tivimate\m3u","C:\Users\andrew\PROJECTS\iptv\inputs\m3u_sources","review_from_iptv__C42511BE\si_xploretv.m3u","","C:\Users\andrew\PROJECTS\iptv\inputs\m3u_sources\review_from_iptv__C42511BE\si_xploretv.m3u","EXTRA_IN_TARGET","","942"
"C:\Users\andrew\PROJECTS\iptv\collections\inputs_for_tivimate\m3u","C:\Users\andrew\PROJECTS\iptv\inputs\m3u_sources","review_from_iptv__C42511BE\sg.m3u","","C:\Users\andrew\PROJECTS\iptv\inputs\m3u_sources\review_from_iptv__C42511BE\sg.m3u","EXTRA_IN_TARGET","","2171"
"C:\Users\andrew\PROJECTS\iptv\collections\inputs_for_tivimate\m3u","C:\Users\andrew\PROJECTS\iptv\inputs\m3u_sources","review_from_iptv__C42511BE\ru_catcast.m3u","","C:\Users\andrew\PROJECTS\iptv\inputs\m3u_sources\review_from_iptv__C42511BE\ru_catcast.m3u","EXTRA_IN_TARGET","","748"
"C:\Users\andrew\PROJECTS\iptv\collections\inputs_for_tivimate\m3u","C:\Users\andrew\PROJECTS\iptv\inputs\m3u_sources","review_from_iptv__C42511BE\no_samsung.m3u","","C:\Users\andrew\PROJECTS\iptv\inputs\m3u_sources\review_from_iptv__C42511BE\no_samsung.m3u","EXTRA_IN_TARGET","","560"
"C:\Users\andrew\PROJECTS\iptv\collections\inputs_for_tivimate\m3u","C:\Users\andrew\PROJECTS\iptv\inputs\m3u_sources","review_from_iptv__C42511BE\gm.m3u","","C:\Users\andrew\PROJECTS\iptv\inputs\m3u_sources\review_from_iptv__C42511BE\gm.m3u","EXTRA_IN_TARGET","","116"
"C:\Users\andrew\PROJECTS\iptv\collections\inputs_for_tivimate\m3u","C:\Users\andrew\PROJECTS\iptv\inputs\m3u_sources","review_from_iptv__C42511BE\us_wfmz.m3u","","C:\Users\andrew\PROJECTS\iptv\inputs\m3u_sources\review_from_iptv__C42511BE\us_wfmz.m3u","EXTRA_IN_TARGET","","490"
"C:\Users\andrew\PROJECTS\iptv\collections\inputs_for_tivimate\m3u","C:\Users\andrew\PROJECTS\iptv\inputs\m3u_sources","review_from_iptv__C42511BE\so_premiumfree.m3u","","C:\Users\andrew\PROJECTS\iptv\inputs\m3u_sources\review_from_iptv__C42511BE\so_premiumfree.m3u","EXTRA_IN_TARGET","","2369"
"C:\Users\andrew\PROJECTS\iptv\collections\inputs_for_tivimate\m3u","C:\Users\andrew\PROJECTS\iptv\inputs\m3u_sources","review_from_iptv__C42511BE\ru_ntv.m3u","","C:\Users\andrew\PROJECTS\iptv\inputs\m3u_sources\review_from_iptv__C42511BE\ru_ntv.m3u","EXTRA_IN_TARGET","","865"
"C:\Users\andrew\PROJECTS\iptv\collections\inputs_for_tivimate\m3u","C:\Users\andrew\PROJECTS\iptv\inputs\m3u_sources","review_from_iptv__C42511BE\us_vizio.m3u","","C:\Users\andrew\PROJECTS\iptv\inputs\m3u_sources\review_from_iptv__C42511BE\us_vizio.m3u","EXTRA_IN_TARGET","","4181"
"C:\Users\andrew\PROJECTS\iptv\collections\inputs_for_tivimate\m3u","C:\Users\andrew\PROJECTS\iptv\inputs\m3u_sources","review_from_iptv__C42511BE\uy.m3u","","C:\Users\andrew\PROJECTS\iptv\inputs\m3u_sources\review_from_iptv__C42511BE\uy.m3u","EXTRA_IN_TARGET","","1289"
"C:\Users\andrew\PROJECTS\iptv\collections\inputs_for_tivimate\m3u","C:\Users\andrew\PROJECTS\iptv\inputs\m3u_sources","review_from_iptv__C42511BE\ba.m3u","","C:\Users\andrew\PROJECTS\iptv\inputs\m3u_sources\review_from_iptv__C42511BE\ba.m3u","EXTRA_IN_TARGET","","1894"
"C:\Users\andrew\PROJECTS\iptv\collections\inputs_for_tivimate\m3u","C:\Users\andrew\PROJECTS\iptv\inputs\m3u_sources","review_from_iptv__C42511BE\us_30a.m3u","","C:\Users\andrew\PROJECTS\iptv\inputs\m3u_sources\review_from_iptv__C42511BE\us_30a.m3u","EXTRA_IN_TARGET","","1370"
"C:\Users\andrew\PROJECTS\iptv\collections\inputs_for_tivimate\m3u","C:\Users\andrew\PROJECTS\iptv\inputs\m3u_sources","review_from_iptv__C42511BE\us_adultswim.m3u","","C:\Users\andrew\PROJECTS\iptv\inputs\m3u_sources\review_from_iptv__C42511BE\us_adultswim.m3u","EXTRA_IN_TARGET","","4242"
"C:\Users\andrew\PROJECTS\iptv\collections\inputs_for_tivimate\m3u","C:\Users\andrew\PROJECTS\iptv\inputs\m3u_sources","review_from_iptv__C42511BE\pe.m3u","","C:\Users\andrew\PROJECTS\iptv\inputs\m3u_sources\review_from_iptv__C42511BE\pe.m3u","EXTRA_IN_TARGET","","18121"
"C:\Users\andrew\PROJECTS\iptv\collections\inputs_for_tivimate\m3u","C:\Users\andrew\PROJECTS\iptv\inputs\m3u_sources","review_from_iptv__C42511BE\us_pbs.m3u","","C:\Users\andrew\PROJECTS\iptv\inputs\m3u_sources\review_from_iptv__C42511BE\us_pbs.m3u","EXTRA_IN_TARGET","","2534"
"C:\Users\andrew\PROJECTS\iptv\collections\inputs_for_tivimate\m3u","C:\Users\andrew\PROJECTS\iptv\inputs\m3u_sources","review_from_iptv__C42511BE\rw.m3u","","C:\Users\andrew\PROJECTS\iptv\inputs\m3u_sources\review_from_iptv__C42511BE\rw.m3u","EXTRA_IN_TARGET","","1479"
"C:\Users\andrew\PROJECTS\iptv\collections\inputs_for_tivimate\m3u","C:\Users\andrew\PROJECTS\iptv\inputs\m3u_sources","review_from_iptv__C42511BE\it_rakuten.m3u","","C:\Users\andrew\PROJECTS\iptv\inputs\m3u_sources\review_from_iptv__C42511BE\it_rakuten.m3u","EXTRA_IN_TARGET","","661"
"C:\Users\andrew\PROJECTS\iptv\collections\inputs_for_tivimate\m3u","C:\Users\andrew\PROJECTS\iptv\inputs\m3u_sources","review_from_iptv__C42511BE\gt.m3u","","C:\Users\andrew\PROJECTS\iptv\inputs\m3u_sources\review_from_iptv__C42511BE\gt.m3u","EXTRA_IN_TARGET","","10605"
"C:\Users\andrew\PROJECTS\iptv\collections\inputs_for_tivimate\m3u","C:\Users\andrew\PROJECTS\iptv\inputs\m3u_sources","review_from_iptv__C42511BE\bh.m3u","","C:\Users\andrew\PROJECTS\iptv\inputs\m3u_sources\review_from_iptv__C42511BE\bh.m3u","EXTRA_IN_TARGET","","779"
"C:\Users\andrew\PROJECTS\iptv\collections\inputs_for_tivimate\m3u","C:\Users\andrew\PROJECTS\iptv\inputs\m3u_sources","review_from_iptv__C42511BE\kh_happywatch99.m3u","","C:\Users\andrew\PROJECTS\iptv\inputs\m3u_sources\review_from_iptv__C42511BE\kh_happywatch99.m3u","EXTRA_IN_TARGET","","507"
"C:\Users\andrew\PROJECTS\iptv\collections\inputs_for_tivimate\m3u","C:\Users\andrew\PROJECTS\iptv\inputs\m3u_sources","review_from_iptv__C42511BE\fr_groupecanalplus.m3u","","C:\Users\andrew\PROJECTS\iptv\inputs\m3u_sources\review_from_iptv__C42511BE\fr_groupecanalplus.m3u","EXTRA_IN_TARGET","","184"
"C:\Users\andrew\PROJECTS\iptv\collections\inputs_for_tivimate\m3u","C:\Users\andrew\PROJECTS\iptv\inputs\m3u_sources","review_from_iptv__C42511BE\us_redbox.m3u","","C:\Users\andrew\PROJECTS\iptv\inputs\m3u_sources\review_from_iptv__C42511BE\us_redbox.m3u","EXTRA_IN_TARGET","","1620"
"C:\Users\andrew\PROJECTS\iptv\collections\inputs_for_tivimate\m3u","C:\Users\andrew\PROJECTS\iptv\inputs\m3u_sources","review_from_iptv__C42511BE\la.m3u","","C:\Users\andrew\PROJECTS\iptv\inputs\m3u_sources\review_from_iptv__C42511BE\la.m3u","EXTRA_IN_TARGET","","1983"
"C:\Users\andrew\PROJECTS\iptv\collections\inputs_for_tivimate\m3u","C:\Users\andrew\PROJECTS\iptv\inputs\m3u_sources","review_from_iptv__C42511BE\au.m3u","","C:\Users\andrew\PROJECTS\iptv\inputs\m3u_sources\review_from_iptv__C42511BE\au.m3u","EXTRA_IN_TARGET","","6186"
"C:\Users\andrew\PROJECTS\iptv\collections\inputs_for_tivimate\m3u","C:\Users\andrew\PROJECTS\iptv\inputs\m3u_sources","review_from_iptv__C42511BE\ec.m3u","","C:\Users\andrew\PROJECTS\iptv\inputs\m3u_sources\review_from_iptv__C42511BE\ec.m3u","EXTRA_IN_TARGET","","9538"
"C:\Users\andrew\PROJECTS\iptv\collections\inputs_for_tivimate\m3u","C:\Users\andrew\PROJECTS\iptv\inputs\m3u_sources","review_from_iptv__C42511BE\md.m3u","","C:\Users\andrew\PROJECTS\iptv\inputs\m3u_sources\review_from_iptv__C42511BE\md.m3u","EXTRA_IN_TARGET","","2097"
"C:\Users\andrew\PROJECTS\iptv\collections\inputs_for_tivimate\m3u","C:\Users\andrew\PROJECTS\iptv\inputs\m3u_sources","review_from_iptv__C42511BE\ge.m3u","","C:\Users\andrew\PROJECTS\iptv\inputs\m3u_sources\review_from_iptv__C42511BE\ge.m3u","EXTRA_IN_TARGET","","1206"
"C:\Users\andrew\PROJECTS\iptv\collections\inputs_for_tivimate\m3u","C:\Users\andrew\PROJECTS\iptv\inputs\m3u_sources","review_from_iptv__C42511BE\az_odtv.m3u","","C:\Users\andrew\PROJECTS\iptv\inputs\m3u_sources\review_from_iptv__C42511BE\az_odtv.m3u","EXTRA_IN_TARGET","","5373"
"C:\Users\andrew\PROJECTS\iptv\collections\inputs_for_tivimate\m3u","C:\Users\andrew\PROJECTS\iptv\inputs\m3u_sources","review_from_iptv__C42511BE\in_samsung.m3u","","C:\Users\andrew\PROJECTS\iptv\inputs\m3u_sources\review_from_iptv__C42511BE\in_samsung.m3u","EXTRA_IN_TARGET","","1206"
"C:\Users\andrew\PROJECTS\iptv\collections\inputs_for_tivimate\m3u","C:\Users\andrew\PROJECTS\iptv\inputs\m3u_sources","review_from_iptv__C42511BE\es_pluto.m3u","","C:\Users\andrew\PROJECTS\iptv\inputs\m3u_sources\review_from_iptv__C42511BE\es_pluto.m3u","EXTRA_IN_TARGET","","24025"
"C:\Users\andrew\PROJECTS\iptv\collections\inputs_for_tivimate\m3u","C:\Users\andrew\PROJECTS\iptv\inputs\m3u_sources","review_from_iptv__C42511BE\mm.m3u","","C:\Users\andrew\PROJECTS\iptv\inputs\m3u_sources\review_from_iptv__C42511BE\mm.m3u","EXTRA_IN_TARGET","","1513"
"C:\Users\andrew\PROJECTS\iptv\collections\inputs_for_tivimate\m3u","C:\Users\andrew\PROJECTS\iptv\inputs\m3u_sources","review_from_iptv__C42511BE\us_roku.m3u","","C:\Users\andrew\PROJECTS\iptv\inputs\m3u_sources\review_from_iptv__C42511BE\us_roku.m3u","EXTRA_IN_TARGET","","5281"
"C:\Users\andrew\PROJECTS\iptv\collections\inputs_for_tivimate\m3u","C:\Users\andrew\PROJECTS\iptv\inputs\m3u_sources","review_from_iptv__C42511BE\ad.m3u","","C:\Users\andrew\PROJECTS\iptv\inputs\m3u_sources\review_from_iptv__C42511BE\ad.m3u","EXTRA_IN_TARGET","","102"
"C:\Users\andrew\PROJECTS\iptv\collections\inputs_for_tivimate\m3u","C:\Users\andrew\PROJECTS\iptv\inputs\m3u_sources","review_from_iptv__C42511BE\uz.m3u","","C:\Users\andrew\PROJECTS\iptv\inputs\m3u_sources\review_from_iptv__C42511BE\uz.m3u","EXTRA_IN_TARGET","","1659"
"C:\Users\andrew\PROJECTS\iptv\collections\inputs_for_tivimate\m3u","C:\Users\andrew\PROJECTS\iptv\inputs\m3u_sources","review_from_iptv__C42511BE\be_samsung.m3u","","C:\Users\andrew\PROJECTS\iptv\inputs\m3u_sources\review_from_iptv__C42511BE\be_samsung.m3u","EXTRA_IN_TARGET","","734"
"C:\Users\andrew\PROJECTS\iptv\collections\inputs_for_tivimate\m3u","C:\Users\andrew\PROJECTS\iptv\inputs\m3u_sources","review_from_iptv__C42511BE\us_moveonjoy.m3u","","C:\Users\andrew\PROJECTS\iptv\inputs\m3u_sources\review_from_iptv__C42511BE\us_moveonjoy.m3u","EXTRA_IN_TARGET","","4108"
"C:\Users\andrew\PROJECTS\iptv\collections\inputs_for_tivimate\m3u","C:\Users\andrew\PROJECTS\iptv\inputs\m3u_sources","review_from_iptv__C42511BE\lb.m3u","","C:\Users\andrew\PROJECTS\iptv\inputs\m3u_sources\review_from_iptv__C42511BE\lb.m3u","EXTRA_IN_TARGET","","3088"
"C:\Users\andrew\PROJECTS\iptv\collections\inputs_for_tivimate\m3u","C:\Users\andrew\PROJECTS\iptv\inputs\m3u_sources","review_from_iptv__C42511BE\us_frequency.m3u","","C:\Users\andrew\PROJECTS\iptv\inputs\m3u_sources\review_from_iptv__C42511BE\us_frequency.m3u","EXTRA_IN_TARGET","","626"
"C:\Users\andrew\PROJECTS\iptv\collections\inputs_for_tivimate\m3u","C:\Users\andrew\PROJECTS\iptv\inputs\m3u_sources","review_from_iptv__C42511BE\us_abcnews.m3u","","C:\Users\andrew\PROJECTS\iptv\inputs\m3u_sources\review_from_iptv__C42511BE\us_abcnews.m3u","EXTRA_IN_TARGET","","1382"
"C:\Users\andrew\PROJECTS\iptv\collections\inputs_for_tivimate\m3u","C:\Users\andrew\PROJECTS\iptv\inputs\m3u_sources","review_from_iptv__C42511BE\ir.m3u","","C:\Users\andrew\PROJECTS\iptv\inputs\m3u_sources\review_from_iptv__C42511BE\ir.m3u","EXTRA_IN_TARGET","","3895"
"C:\Users\andrew\PROJECTS\iptv\collections\inputs_for_tivimate\m3u","C:\Users\andrew\PROJECTS\iptv\inputs\m3u_sources","review_from_iptv__C42511BE\sv.m3u","","C:\Users\andrew\PROJECTS\iptv\inputs\m3u_sources\review_from_iptv__C42511BE\sv.m3u","EXTRA_IN_TARGET","","5176"
"C:\Users\andrew\PROJECTS\iptv\collections\inputs_for_tivimate\m3u","C:\Users\andrew\PROJECTS\iptv\inputs\m3u_sources","review_from_iptv__C42511BE\zw.m3u","","C:\Users\andrew\PROJECTS\iptv\inputs\m3u_sources\review_from_iptv__C42511BE\zw.m3u","EXTRA_IN_TARGET","","134"
"C:\Users\andrew\PROJECTS\iptv\collections\inputs_for_tivimate\m3u","C:\Users\andrew\PROJECTS\iptv\inputs\m3u_sources","review_from_iptv__C42511BE\az.m3u","","C:\Users\andrew\PROJECTS\iptv\inputs\m3u_sources\review_from_iptv__C42511BE\az.m3u","EXTRA_IN_TARGET","","2364"
"C:\Users\andrew\PROJECTS\iptv\collections\inputs_for_tivimate\m3u","C:\Users\andrew\PROJECTS\iptv\inputs\m3u_sources","review_from_iptv__C42511BE\ve.m3u","","C:\Users\andrew\PROJECTS\iptv\inputs\m3u_sources\review_from_iptv__C42511BE\ve.m3u","EXTRA_IN_TARGET","","9733"
"C:\Users\andrew\PROJECTS\iptv\collections\inputs_for_tivimate\m3u","C:\Users\andrew\PROJECTS\iptv\inputs\m3u_sources","review_from_iptv__C42511BE\yt.m3u","","C:\Users\andrew\PROJECTS\iptv\inputs\m3u_sources\review_from_iptv__C42511BE\yt.m3u","EXTRA_IN_TARGET","","116"
"C:\Users\andrew\PROJECTS\iptv\collections\inputs_for_tivimate\m3u","C:\Users\andrew\PROJECTS\iptv\inputs\m3u_sources","review_from_iptv__C42511BE\us_tubi.m3u","","C:\Users\andrew\PROJECTS\iptv\inputs\m3u_sources\review_from_iptv__C42511BE\us_tubi.m3u","EXTRA_IN_TARGET","","34001"
"C:\Users\andrew\PROJECTS\iptv\collections\inputs_for_tivimate\m3u","C:\Users\andrew\PROJECTS\iptv\inputs\m3u_sources","review_from_iptv__C42511BE\li.m3u","","C:\Users\andrew\PROJECTS\iptv\inputs\m3u_sources\review_from_iptv__C42511BE\li.m3u","EXTRA_IN_TARGET","","241"
"C:\Users\andrew\PROJECTS\iptv\collections\inputs_for_tivimate\m3u","C:\Users\andrew\PROJECTS\iptv\inputs\m3u_sources","review_from_iptv__C42511BE\ws.m3u","","C:\Users\andrew\PROJECTS\iptv\inputs\m3u_sources\review_from_iptv__C42511BE\ws.m3u","EXTRA_IN_TARGET","","295"
"C:\Users\andrew\PROJECTS\iptv\collections\inputs_for_tivimate\m3u","C:\Users\andrew\PROJECTS\iptv\inputs\m3u_sources","review_from_iptv__C42511BE\nz_samsung.m3u","","C:\Users\andrew\PROJECTS\iptv\inputs\m3u_sources\review_from_iptv__C42511BE\nz_samsung.m3u","EXTRA_IN_TARGET","","5670"
"C:\Users\andrew\PROJECTS\iptv\collections\inputs_for_tivimate\m3u","C:\Users\andrew\PROJECTS\iptv\inputs\m3u_sources","review_from_iptv__C42511BE\ke.m3u","","C:\Users\andrew\PROJECTS\iptv\inputs\m3u_sources\review_from_iptv__C42511BE\ke.m3u","EXTRA_IN_TARGET","","4759"
"C:\Users\andrew\PROJECTS\iptv\collections\inputs_for_tivimate\m3u","C:\Users\andrew\PROJECTS\iptv\inputs\m3u_sources","review_from_iptv__C42511BE\mo.m3u","","C:\Users\andrew\PROJECTS\iptv\inputs\m3u_sources\review_from_iptv__C42511BE\mo.m3u","EXTRA_IN_TARGET","","1263"
"C:\Users\andrew\PROJECTS\iptv\collections\inputs_for_tivimate\m3u","C:\Users\andrew\PROJECTS\iptv\inputs\m3u_sources","review_from_iptv__C42511BE\kz.m3u","","C:\Users\andrew\PROJECTS\iptv\inputs\m3u_sources\review_from_iptv__C42511BE\kz.m3u","EXTRA_IN_TARGET","","3602"
"C:\Users\andrew\PROJECTS\iptv\collections\inputs_for_tivimate\m3u","C:\Users\andrew\PROJECTS\iptv\inputs\m3u_sources","review_from_iptv__C42511BE\pf.m3u","","C:\Users\andrew\PROJECTS\iptv\inputs\m3u_sources\review_from_iptv__C42511BE\pf.m3u","EXTRA_IN_TARGET","","165"
"C:\Users\andrew\PROJECTS\iptv\collections\inputs_for_tivimate\m3u","C:\Users\andrew\PROJECTS\iptv\inputs\m3u_sources","review_from_iptv__C42511BE\ru_bonustv.m3u","","C:\Users\andrew\PROJECTS\iptv\inputs\m3u_sources\review_from_iptv__C42511BE\ru_bonustv.m3u","EXTRA_IN_TARGET","","5607"
"C:\Users\andrew\PROJECTS\iptv\collections\inputs_for_tivimate\m3u","C:\Users\andrew\PROJECTS\iptv\inputs\m3u_sources","review_from_iptv__C42511BE\pt_samsung.m3u","","C:\Users\andrew\PROJECTS\iptv\inputs\m3u_sources\review_from_iptv__C42511BE\pt_samsung.m3u","EXTRA_IN_TARGET","","759"
"C:\Users\andrew\PROJECTS\iptv\collections\inputs_for_tivimate\m3u","C:\Users\andrew\PROJECTS\iptv\inputs\m3u_sources","review_from_iptv__C42511BE\cr.m3u","","C:\Users\andrew\PROJECTS\iptv\inputs\m3u_sources\review_from_iptv__C42511BE\cr.m3u","EXTRA_IN_TARGET","","10319"
"C:\Users\andrew\PROJECTS\iptv\collections\inputs_for_tivimate\m3u","C:\Users\andrew\PROJECTS\iptv\inputs\m3u_sources","review_from_iptv__C42511BE\ru.m3u","","C:\Users\andrew\PROJECTS\iptv\inputs\m3u_sources\review_from_iptv__C42511BE\ru.m3u","EXTRA_IN_TARGET","","14783"
"C:\Users\andrew\PROJECTS\iptv\collections\inputs_for_tivimate\m3u","C:\Users\andrew\PROJECTS\iptv\inputs\m3u_sources","review_from_iptv__C42511BE\us_3abn.m3u","","C:\Users\andrew\PROJECTS\iptv\inputs\m3u_sources\review_from_iptv__C42511BE\us_3abn.m3u","EXTRA_IN_TARGET","","1278"
"C:\Users\andrew\PROJECTS\iptv\collections\inputs_for_tivimate\m3u","C:\Users\andrew\PROJECTS\iptv\inputs\m3u_sources","review_from_iptv__C42511BE\bf.m3u","","C:\Users\andrew\PROJECTS\iptv\inputs\m3u_sources\review_from_iptv__C42511BE\bf.m3u","EXTRA_IN_TARGET","","913"
"C:\Users\andrew\PROJECTS\iptv\collections\inputs_for_tivimate\m3u","C:\Users\andrew\PROJECTS\iptv\inputs\m3u_sources","review_from_iptv__C42511BE\sm.m3u","","C:\Users\andrew\PROJECTS\iptv\inputs\m3u_sources\review_from_iptv__C42511BE\sm.m3u","EXTRA_IN_TARGET","","297"
"C:\Users\andrew\PROJECTS\iptv\collections\inputs_for_tivimate\m3u","C:\Users\andrew\PROJECTS\iptv\inputs\m3u_sources","review_from_iptv__C42511BE\bb.m3u","","C:\Users\andrew\PROJECTS\iptv\inputs\m3u_sources\review_from_iptv__C42511BE\bb.m3u","EXTRA_IN_TARGET","","123"
"C:\Users\andrew\PROJECTS\iptv\collections\inputs_for_tivimate\m3u","C:\Users\andrew\PROJECTS\iptv\inputs\m3u_sources","review_from_iptv__C42511BE\za_freevisiontv.m3u","","C:\Users\andrew\PROJECTS\iptv\inputs\m3u_sources\review_from_iptv__C42511BE\za_freevisiontv.m3u","EXTRA_IN_TARGET","","766"
"C:\Users\andrew\PROJECTS\iptv\collections\inputs_for_tivimate\m3u","C:\Users\andrew\PROJECTS\iptv\inputs\m3u_sources","review_from_iptv__C42511BE\in.m3u","","C:\Users\andrew\PROJECTS\iptv\inputs\m3u_sources\review_from_iptv__C42511BE\in.m3u","EXTRA_IN_TARGET","","41419"
"C:\Users\andrew\PROJECTS\iptv\collections\inputs_for_tivimate\m3u","C:\Users\andrew\PROJECTS\iptv\inputs\m3u_sources","review_from_iptv__C42511BE\sr.m3u","","C:\Users\andrew\PROJECTS\iptv\inputs\m3u_sources\review_from_iptv__C42511BE\sr.m3u","EXTRA_IN_TARGET","","546"
"C:\Users\andrew\PROJECTS\iptv\collections\inputs_for_tivimate\m3u","C:\Users\andrew\PROJECTS\iptv\inputs\m3u_sources","review_from_iptv__C42511BE\cn_cgtn.m3u","","C:\Users\andrew\PROJECTS\iptv\inputs\m3u_sources\review_from_iptv__C42511BE\cn_cgtn.m3u","EXTRA_IN_TARGET","","960"
"C:\Users\andrew\PROJECTS\iptv\collections\inputs_for_tivimate\m3u","C:\Users\andrew\PROJECTS\iptv\inputs\m3u_sources","review_from_iptv__C42511BE\ag.m3u","","C:\Users\andrew\PROJECTS\iptv\inputs\m3u_sources\review_from_iptv__C42511BE\ag.m3u","EXTRA_IN_TARGET","","167"
"C:\Users\andrew\PROJECTS\iptv\collections\inputs_for_tivimate\m3u","C:\Users\andrew\PROJECTS\iptv\inputs\m3u_sources","review_from_iptv__C42511BE\us_pluto.m3u","","C:\Users\andrew\PROJECTS\iptv\inputs\m3u_sources\review_from_iptv__C42511BE\us_pluto.m3u","EXTRA_IN_TARGET","","183319"
"C:\Users\andrew\PROJECTS\iptv\collections\inputs_for_tivimate\m3u","C:\Users\andrew\PROJECTS\iptv\inputs\m3u_sources","review_from_iptv__C42511BE\ng.m3u","","C:\Users\andrew\PROJECTS\iptv\inputs\m3u_sources\review_from_iptv__C42511BE\ng.m3u","EXTRA_IN_TARGET","","7359"
"C:\Users\andrew\PROJECTS\iptv\collections\inputs_for_tivimate\m3u","C:\Users\andrew\PROJECTS\iptv\inputs\m3u_sources","review_from_iptv__C42511BE\br.m3u","","C:\Users\andrew\PROJECTS\iptv\inputs\m3u_sources\review_from_iptv__C42511BE\br.m3u","EXTRA_IN_TARGET","","38563"
"C:\Users\andrew\PROJECTS\iptv\collections\inputs_for_tivimate\m3u","C:\Users\andrew\PROJECTS\iptv\inputs\m3u_sources","review_from_iptv__C42511BE\fr_pluto.m3u","","C:\Users\andrew\PROJECTS\iptv\inputs\m3u_sources\review_from_iptv__C42511BE\fr_pluto.m3u","EXTRA_IN_TARGET","","55139"
"C:\Users\andrew\PROJECTS\iptv\collections\inputs_for_tivimate\m3u","C:\Users\andrew\PROJECTS\iptv\inputs\m3u_sources","review_from_iptv__C42511BE\gy.m3u","","C:\Users\andrew\PROJECTS\iptv\inputs\m3u_sources\review_from_iptv__C42511BE\gy.m3u","EXTRA_IN_TARGET","","425"
"C:\Users\andrew\PROJECTS\iptv\collections\inputs_for_tivimate\m3u","C:\Users\andrew\PROJECTS\iptv\inputs\m3u_sources","review_from_iptv__C42511BE\tz.m3u","","C:\Users\andrew\PROJECTS\iptv\inputs\m3u_sources\review_from_iptv__C42511BE\tz.m3u","EXTRA_IN_TARGET","","836"
"C:\Users\andrew\PROJECTS\iptv\collections\inputs_for_tivimate\m3u","C:\Users\andrew\PROJECTS\iptv\inputs\m3u_sources","review_from_iptv__C42511BE\jp.m3u","","C:\Users\andrew\PROJECTS\iptv\inputs\m3u_sources\review_from_iptv__C42511BE\jp.m3u","EXTRA_IN_TARGET","","2991"
"C:\Users\andrew\PROJECTS\iptv\collections\inputs_for_tivimate\m3u","C:\Users\andrew\PROJECTS\iptv\inputs\m3u_sources","review_from_iptv__C42511BE\pk.m3u","","C:\Users\andrew\PROJECTS\iptv\inputs\m3u_sources\review_from_iptv__C42511BE\pk.m3u","EXTRA_IN_TARGET","","5049"
"C:\Users\andrew\PROJECTS\iptv\collections\inputs_for_tivimate\m3u","C:\Users\andrew\PROJECTS\iptv\inputs\m3u_sources","review_from_iptv__C42511BE\pl_irylek.m3u","","C:\Users\andrew\PROJECTS\iptv\inputs\m3u_sources\review_from_iptv__C42511BE\pl_irylek.m3u","EXTRA_IN_TARGET","","1707"
"C:\Users\andrew\PROJECTS\iptv\collections\inputs_for_tivimate\m3u","C:\Users\andrew\PROJECTS\iptv\inputs\m3u_sources","review_from_iptv__C42511BE\fr_persiana.m3u","","C:\Users\andrew\PROJECTS\iptv\inputs\m3u_sources\review_from_iptv__C42511BE\fr_persiana.m3u","EXTRA_IN_TARGET","","1842"
"C:\Users\andrew\PROJECTS\iptv\collections\inputs_for_tivimate\m3u","C:\Users\andrew\PROJECTS\iptv\inputs\m3u_sources","review_from_iptv__C42511BE\ie.m3u","","C:\Users\andrew\PROJECTS\iptv\inputs\m3u_sources\review_from_iptv__C42511BE\ie.m3u","EXTRA_IN_TARGET","","1800"
"C:\Users\andrew\PROJECTS\iptv\collections\inputs_for_tivimate\m3u","C:\Users\andrew\PROJECTS\iptv\inputs\m3u_sources","review_from_iptv__C42511BE\cl.m3u","","C:\Users\andrew\PROJECTS\iptv\inputs\m3u_sources\review_from_iptv__C42511BE\cl.m3u","EXTRA_IN_TARGET","","27274"
"C:\Users\andrew\PROJECTS\iptv\collections\inputs_for_tivimate\m3u","C:\Users\andrew\PROJECTS\iptv\inputs\m3u_sources","review_from_iptv__C42511BE\us_distro.m3u","","C:\Users\andrew\PROJECTS\iptv\inputs\m3u_sources\review_from_iptv__C42511BE\us_distro.m3u","EXTRA_IN_TARGET","","1285"
"C:\Users\andrew\PROJECTS\iptv\collections\inputs_for_tivimate\m3u","C:\Users\andrew\PROJECTS\iptv\inputs\m3u_sources","review_from_iptv__C42511BE\fr_bfm.m3u","","C:\Users\andrew\PROJECTS\iptv\inputs\m3u_sources\review_from_iptv__C42511BE\fr_bfm.m3u","EXTRA_IN_TARGET","","6191"
"C:\Users\andrew\PROJECTS\iptv\collections\inputs_for_tivimate\m3u","C:\Users\andrew\PROJECTS\iptv\inputs\m3u_sources","review_from_iptv__C42511BE\de_adultswim.m3u","","C:\Users\andrew\PROJECTS\iptv\inputs\m3u_sources\review_from_iptv__C42511BE\de_adultswim.m3u","EXTRA_IN_TARGET","","4050"
"C:\Users\andrew\PROJECTS\iptv\collections\inputs_for_tivimate\m3u","C:\Users\andrew\PROJECTS\iptv\inputs\m3u_sources","review_from_iptv__C42511BE\hu.m3u","","C:\Users\andrew\PROJECTS\iptv\inputs\m3u_sources\review_from_iptv__C42511BE\hu.m3u","EXTRA_IN_TARGET","","15369"
"C:\Users\andrew\PROJECTS\iptv\collections\inputs_for_tivimate\m3u","C:\Users\andrew\PROJECTS\iptv\inputs\m3u_sources","review_from_iptv__C42511BE\bq.m3u","","C:\Users\andrew\PROJECTS\iptv\inputs\m3u_sources\review_from_iptv__C42511BE\bq.m3u","EXTRA_IN_TARGET","","634"
"C:\Users\andrew\PROJECTS\iptv\collections\inputs_for_tivimate\m3u","C:\Users\andrew\PROJECTS\iptv\inputs\m3u_sources","review_from_iptv__C42511BE\fo.m3u","","C:\Users\andrew\PROJECTS\iptv\inputs\m3u_sources\review_from_iptv__C42511BE\fo.m3u","EXTRA_IN_TARGET","","142"
"C:\Users\andrew\PROJECTS\iptv\collections\inputs_for_tivimate\m3u","C:\Users\andrew\PROJECTS\iptv\inputs\m3u_sources","review_from_iptv__C42511BE\jo.m3u","","C:\Users\andrew\PROJECTS\iptv\inputs\m3u_sources\review_from_iptv__C42511BE\jo.m3u","EXTRA_IN_TARGET","","3701"
"C:\Users\andrew\PROJECTS\iptv\collections\inputs_for_tivimate\m3u","C:\Users\andrew\PROJECTS\iptv\inputs\m3u_sources","review_from_iptv__C42511BE\at_plutotv.m3u","","C:\Users\andrew\PROJECTS\iptv\inputs\m3u_sources\review_from_iptv__C42511BE\at_plutotv.m3u","EXTRA_IN_TARGET","","97123"
"C:\Users\andrew\PROJECTS\iptv\collections\inputs_for_tivimate\m3u","C:\Users\andrew\PROJECTS\iptv\inputs\m3u_sources","review_from_iptv__C42511BE\us_firetv.m3u","","C:\Users\andrew\PROJECTS\iptv\inputs\m3u_sources\review_from_iptv__C42511BE\us_firetv.m3u","EXTRA_IN_TARGET","","2085"
"C:\Users\andrew\PROJECTS\iptv\collections\inputs_for_tivimate\m3u","C:\Users\andrew\PROJECTS\iptv\inputs\m3u_sources","review_from_iptv__C42511BE\kg.m3u","","C:\Users\andrew\PROJECTS\iptv\inputs\m3u_sources\review_from_iptv__C42511BE\kg.m3u","EXTRA_IN_TARGET","","1651"
"C:\Users\andrew\PROJECTS\iptv\collections\inputs_for_tivimate\m3u","C:\Users\andrew\PROJECTS\iptv\inputs\m3u_sources","review_from_iptv__C42511BE\bg.m3u","","C:\Users\andrew\PROJECTS\iptv\inputs\m3u_sources\review_from_iptv__C42511BE\bg.m3u","EXTRA_IN_TARGET","","3007"
"C:\Users\andrew\PROJECTS\iptv\collections\inputs_for_tivimate\m3u","C:\Users\andrew\PROJECTS\iptv\inputs\m3u_sources","review_from_iptv__C42511BE\pa.m3u","","C:\Users\andrew\PROJECTS\iptv\inputs\m3u_sources\review_from_iptv__C42511BE\pa.m3u","EXTRA_IN_TARGET","","3285"
"C:\Users\andrew\PROJECTS\iptv\collections\inputs_for_tivimate\m3u","C:\Users\andrew\PROJECTS\iptv\inputs\m3u_sources","review_from_iptv__C42511BE\gr.m3u","","C:\Users\andrew\PROJECTS\iptv\inputs\m3u_sources\review_from_iptv__C42511BE\gr.m3u","EXTRA_IN_TARGET","","15712"
"C:\Users\andrew\PROJECTS\iptv\collections\inputs_for_tivimate\m3u","C:\Users\andrew\PROJECTS\iptv\inputs\m3u_sources","review_from_iptv__C42511BE\py.m3u","","C:\Users\andrew\PROJECTS\iptv\inputs\m3u_sources\review_from_iptv__C42511BE\py.m3u","EXTRA_IN_TARGET","","7614"
"C:\Users\andrew\PROJECTS\iptv\collections\inputs_for_tivimate\m3u","C:\Users\andrew\PROJECTS\iptv\inputs\m3u_sources","review_from_iptv__C42511BE\mq.m3u","","C:\Users\andrew\PROJECTS\iptv\inputs\m3u_sources\review_from_iptv__C42511BE\mq.m3u","EXTRA_IN_TARGET","","124"
"C:\Users\andrew\PROJECTS\iptv\collections\inputs_for_tivimate\m3u","C:\Users\andrew\PROJECTS\iptv\inputs\m3u_sources","review_from_iptv__C42511BE\tm.m3u","","C:\Users\andrew\PROJECTS\iptv\inputs\m3u_sources\review_from_iptv__C42511BE\tm.m3u","EXTRA_IN_TARGET","","1777"
"C:\Users\andrew\PROJECTS\iptv\collections\inputs_for_tivimate\m3u","C:\Users\andrew\PROJECTS\iptv\inputs\m3u_sources","review_from_iptv__C42511BE\me.m3u","","C:\Users\andrew\PROJECTS\iptv\inputs\m3u_sources\review_from_iptv__C42511BE\me.m3u","EXTRA_IN_TARGET","","1256"
"C:\Users\andrew\PROJECTS\iptv\collections\inputs_for_tivimate\m3u","C:\Users\andrew\PROJECTS\iptv\inputs\m3u_sources","review_from_iptv__C42511BE\tn.m3u","","C:\Users\andrew\PROJECTS\iptv\inputs\m3u_sources\review_from_iptv__C42511BE\tn.m3u","EXTRA_IN_TARGET","","1272"
"C:\Users\andrew\PROJECTS\iptv\collections\inputs_for_tivimate\m3u","C:\Users\andrew\PROJECTS\iptv\inputs\m3u_sources","review_from_iptv__C42511BE\es_rakuten.m3u","","C:\Users\andrew\PROJECTS\iptv\inputs\m3u_sources\review_from_iptv__C42511BE\es_rakuten.m3u","EXTRA_IN_TARGET","","2635"
"C:\Users\andrew\PROJECTS\iptv\collections\inputs_for_tivimate\m3u","C:\Users\andrew\PROJECTS\iptv\inputs\m3u_sources","review_from_iptv__C42511BE\fm.m3u","","C:\Users\andrew\PROJECTS\iptv\inputs\m3u_sources\review_from_iptv__C42511BE\fm.m3u","EXTRA_IN_TARGET","","9"
"C:\Users\andrew\PROJECTS\iptv\collections\inputs_for_tivimate\m3u","C:\Users\andrew\PROJECTS\iptv\inputs\m3u_sources","review_from_iptv__C42511BE\ru_tvteleport.m3u","","C:\Users\andrew\PROJECTS\iptv\inputs\m3u_sources\review_from_iptv__C42511BE\ru_tvteleport.m3u","EXTRA_IN_TARGET","","1449"
"C:\Users\andrew\PROJECTS\iptv\collections\inputs_for_tivimate\m3u","C:\Users\andrew\PROJECTS\iptv\inputs\m3u_sources","review_from_iptv__C42511BE\eg.m3u","","C:\Users\andrew\PROJECTS\iptv\inputs\m3u_sources\review_from_iptv__C42511BE\eg.m3u","EXTRA_IN_TARGET","","2803"
"C:\Users\andrew\PROJECTS\iptv\collections\inputs_for_tivimate\m3u","C:\Users\andrew\PROJECTS\iptv\inputs\m3u_sources","review_from_iptv__C42511BE\bw.m3u","","C:\Users\andrew\PROJECTS\iptv\inputs\m3u_sources\review_from_iptv__C42511BE\bw.m3u","EXTRA_IN_TARGET","","117"
"C:\Users\andrew\PROJECTS\iptv\collections\inputs_for_tivimate\m3u","C:\Users\andrew\PROJECTS\iptv\inputs\m3u_sources","review_from_iptv__C42511BE\us_glewedtv.m3u","","C:\Users\andrew\PROJECTS\iptv\inputs\m3u_sources\review_from_iptv__C42511BE\us_glewedtv.m3u","EXTRA_IN_TARGET","","1037"
"C:\Users\andrew\PROJECTS\iptv\collections\inputs_for_tivimate\m3u","C:\Users\andrew\PROJECTS\iptv\inputs\m3u_sources","review_from_iptv__C42511BE\it_pluto.m3u","","C:\Users\andrew\PROJECTS\iptv\inputs\m3u_sources\review_from_iptv__C42511BE\it_pluto.m3u","EXTRA_IN_TARGET","","33090"
"C:\Users\andrew\PROJECTS\iptv\collections\inputs_for_tivimate\m3u","C:\Users\andrew\PROJECTS\iptv\inputs\m3u_sources","review_from_iptv__C42511BE\ao.m3u","","C:\Users\andrew\PROJECTS\iptv\inputs\m3u_sources\review_from_iptv__C42511BE\ao.m3u","EXTRA_IN_TARGET","","375"
"C:\X1_Share\IPTV_load_files","C:\Users\andrew\PROJECTS\iptv\inputs\review_from_legacy_load_files","sources\consolidated_20251105_060832.m3u","C:\X1_Share\IPTV_load_files\sources\consolidated_20251105_060832.m3u","","MISSING_IN_TARGET","727917",""
"C:\X1_Share\IPTV_load_files","C:\Users\andrew\PROJECTS\iptv\inputs\review_from_legacy_load_files","sources\playlist_local_us.m3u","C:\X1_Share\IPTV_load_files\sources\playlist_local_us.m3u","","MISSING_IN_TARGET","542127",""
"C:\X1_Share\IPTV_load_files","C:\Users\andrew\PROJECTS\iptv\inputs\review_from_legacy_load_files","sources\merged.m3u","C:\X1_Share\IPTV_load_files\sources\merged.m3u","","MISSING_IN_TARGET","553420",""
"C:\X1_Share\IPTV_load_files","C:\Users\andrew\PROJECTS\iptv\inputs\review_from_legacy_load_files","sources\USA BRITISH DRAMA_alliptvlinks_com.m3u","C:\X1_Share\IPTV_load_files\sources\USA BRITISH DRAMA_alliptvlinks_com.m3u","","MISSING_IN_TARGET","518",""
"C:\X1_Share\IPTV_load_files","C:\Users\andrew\PROJECTS\iptv\inputs\review_from_legacy_load_files","sources\CA-IPTV-File-1-28-08-2025.m3u","C:\X1_Share\IPTV_load_files\sources\CA-IPTV-File-1-28-08-2025.m3u","","MISSING_IN_TARGET","237334",""
"C:\X1_Share\IPTV_load_files","C:\Users\andrew\PROJECTS\iptv\inputs\review_from_legacy_load_files","sources\playlist_apsattv_localnow.m3u","C:\X1_Share\IPTV_load_files\sources\playlist_apsattv_localnow.m3u","","MISSING_IN_TARGET","959372",""
"C:\X1_Share\IPTV_load_files","C:\Users\andrew\PROJECTS\iptv\inputs\review_from_legacy_load_files","sources\localnow.m3u","C:\X1_Share\IPTV_load_files\sources\localnow.m3u","","MISSING_IN_TARGET","959372",""
"C:\X1_Share\IPTV_load_files","C:\Users\andrew\PROJECTS\iptv\inputs\review_from_legacy_load_files","sources\step4_url_health_20251226_234610__preview.m3u","C:\X1_Share\IPTV_load_files\sources\step4_url_health_20251226_234610__preview.m3u","","MISSING_IN_TARGET","149408",""
"C:\X1_Share\IPTV_load_files","C:\Users\andrew\PROJECTS\iptv\inputs\review_from_legacy_load_files","sources\playlist_iptv-org_index.m3u","C:\X1_Share\IPTV_load_files\sources\playlist_iptv-org_index.m3u","","MISSING_IN_TARGET","2627376",""
"C:\X1_Share\IPTV_load_files","C:\Users\andrew\PROJECTS\iptv\inputs\review_from_legacy_load_files","sources\playlist_apsattv_distro.m3u","C:\X1_Share\IPTV_load_files\sources\playlist_apsattv_distro.m3u","","MISSING_IN_TARGET","412987",""
"C:\X1_Share\IPTV_load_files","C:\Users\andrew\PROJECTS\iptv\inputs\review_from_legacy_load_files","sources\playlist_iptv-org_us.m3u","C:\X1_Share\IPTV_load_files\sources\playlist_iptv-org_us.m3u","","MISSING_IN_TARGET","409150",""
"C:\X1_Share\IPTV_load_files","C:\Users\andrew\PROJECTS\iptv\inputs\review_from_legacy_load_files","sources\USA BRITBOX MYSTERIES_alliptvlinks_com.m3u","C:\X1_Share\IPTV_load_files\sources\USA BRITBOX MYSTERIES_alliptvlinks_com.m3u","","MISSING_IN_TARGET","522",""
